sentence,word,word2,sent_id,item_id,list
Arthur placed,the,THE,96,577,1
Finally Maria sat down with a,cup,CUP,152,1093,1
He smiled again and felt like a,man,MAN,183,1440,1
She wound up,talking,TALKING,142,988,1
"Good God, if you are","watching,","WATCHING,",86,500,1
The truck was an older,version,VERSION,174,1334,1
Emma put her mug of,tea,TEA,178,1378,1
Dexter opened his letter and found a,photograph,PHOTOGRAPH,104,646,1
In the morning at breakfast,Mike,MIKE,162,1202,1
He was,already,ALREADY,202,1672,1
She hid the,boxes,BOXES,53,270,1
There will be men to kill either,way.,WAY,81,464,1
Billy knocked on the door and waited till he was told,to,TO,189,1516,1
The shout caught him,off,OFF,193,1557,1
I dont want to hear,it.,IT,23,103,1
Anne lost control,and,AND,1,3,1
He drank too much at times,and,AND,154,1115,1
Looks like a,walk,WALK,41,198,1
One by one she placed her teeth about their,necks,NECKS,192,1550,1
Roger,smiled,SMILED,8,29,1
Youre,getting,GETTING,58,298,1
The campaign will pay for,itself.,ITSELF,30,138,1
He held his mother,tight,TIGHT,133,899,1
Dont die of cold,before,BEFORE,85,491,1
Bruce is looking for someone to take the,spare,SPARE,179,1393,1
I shall have a victory and,I,I,160,1181,1
Charles,felt,FELT,101,616,1
He sat his son up on the table,and,AND,195,1586,1
He sighed and walked back,to,TO,91,540,1
He held his mother tight and she cried into,his,HIS,133,904,1
He drank too,much,MUCH,154,1112,1
He came back to his senses when he heard his dad stand up to,him.,HIM,201,1670,1
I dont,want,WANT,23,100,1
He is,after,AFTER,88,513,1
Alec stood against the wall,to,TO,72,399,1
The police officer got out of the van and picked,up,UP,198,1627,1
In the morning at breakfast Mike smiled at the letter,he,HE,162,1207,1
Phil let him go and Charlie fell to,the,THE,120,782,1
We,should,SHOULD,176,1352,1
Gordon felt his anger build,up.,UP,16,68,1
Sam felt proud when he,went,WENT,42,206,1
James walked in to wake,Samuel,SAMUEL,165,1235,1
The police officer got out of the van,and,AND,198,1625,1
If I have,time,TIME,196,1594,1
The brothers stood,up,UP,128,849,1
They turned round just,as,AS,108,675,1
He,knocked,KNOCKED,181,1410,1
He sighed and,walked,WALKED,91,538,1
Ross sat back down and,shivered.,SHIVERED,27,123,1
He,had,HAD,156,1132,1
Billy knocked on the door and,waited,WAITED,189,1511,1
He folded his arms across his,chest,CHEST,155,1126,1
He smiled again and felt like a man and not just the,kid.,KID,183,1445,1
William sat down and tucked into his,breakfast.,BREAKFAST,71,394,1
I,cant,CANT,185,1458,1
He uses his belt,on,ON,20,87,1
Now the man is coming who will give it back to,me.,ME,170,1296,1
She threatened to leave,before,BEFORE,171,1300,1
Michael knew they never hit him and that was,half,HALF,168,1272,1
If I have time at the end Ill fill you,in,IN,196,1601,1
Billy,knocked,KNOCKED,189,1506,1
From the moment we leave this,spot,SPOT,180,1403,1
He drank,too,TOO,154,1111,1
He,sat,SAT,64,339,1
She wound up talking to,Barry,BARRY,142,990,1
Ill give,him,HIM,39,185,1
I do not spare the birds a,killing.,KILLING,67,366,1
He went to the,door,DOOR,134,909,1
Tom stood up,and,AND,48,240,1
Run along,home,HOME,140,967,1
He sat down and began,to,TO,64,343,1
He sat his son up on the table and laid,his,HIS,195,1588,1
He didnt seem to mind that she was screaming,in,IN,153,1107,1
He,came,CAME,201,1657,1
We shall,arrive,ARRIVE,145,1017,1
You shouldnt have been racing,my,MY,149,1060,1
Scott,got,GOT,43,208,1
The police officer got out of the van and picked up the two,cans.,CANS,198,1630,1
If I have time at the end Ill fill you in on what,happened.,HAPPENED,196,1604,1
He heaved his,shoulders,SHOULDERS,87,506,1
The brothers stood up and came,down,DOWN,128,852,1
Christopher groaned and lay his hands,across,ACROSS,102,629,1
She threatened to leave before and this time she just,had,HAD,171,1306,1
Henry washed his hands and sat on the seat in,front,FRONT,197,1614,1
They stared at the black wall and now,this,THIS,175,1348,1
Henry washed his hands and sat on the seat,in,IN,197,1613,1
The speaker turned to her,with,WITH,199,1635,1
He smiled when she let out,a,A,92,549,1
Alan told Jason he would just sit outside to,have,HAVE,169,1283,1
I cant see any amount of talk getting you out of this,mess.,MESS,185,1469,1
If this were a movie instead of a,book,BOOK,204,1706,1
One by one she placed her teeth about their necks,and,AND,192,1551,1
We shall arrive properly or you will,never,NEVER,145,1022,1
Sam felt proud when,he,HE,42,205,1
He put his hands in his pockets and,leaned,LEANED,157,1150,1
The gate,was,WAS,143,997,1
He drove,his,HIS,132,887,1
He was leaning against,his,HIS,93,555,1
John,gave,GAVE,97,584,1
Five will be,listening,LISTENING,15,61,1
"The gate was double, one huge mass",of,OF,143,1002,1
I cant see any amount of talk getting you out of,this,THIS,185,1468,1
Andy felt good when,he,HE,188,1497,1
Michael knew they never hit him and that,was,WAS,168,1271,1
Steve,sat,SAT,45,220,1
Men,could,COULD,122,793,1
She,couldnt,COULDNT,28,124,1
She couldnt help feel,for,FOR,28,127,1
"The gathered villagers took a step back, almost as",one,ONE,144,1014,1
I mostly just pick a dry white and drink,it,IT,187,1490,1
The last thing Alex,felt,FELT,173,1322,1
He let Donald go and he,fell,FELL,182,1427,1
His men will not follow,him,HIM,114,726,1
He,called,CALLED,131,876,1
Helen,ran,RAN,5,17,1
They say he can breathe fire and kill a man with a single,word.,WORD,200,1656,1
John gave Bernard a hard slap,on,ON,97,589,1
From the moment we leave this spot be very careful,what,WHAT,180,1407,1
In,the,THE,161,1187,1
You know that I will do whatever you,ask,ASK,148,1053,1
One by one,she,SHE,192,1544,1
Men could be paid,to,TO,122,796,1
The bored looking soldier continued looking,bored.,BORED,54,279,1
The,truck,TRUCK,174,1330,1
I cant see,any,ANY,185,1460,1
He,sighed,SIGHED,91,536,1
He folded his arms across his chest and put out his,lip.,LIP,155,1131,1
If I have time,at,AT,196,1595,1
A,smile,SMILE,150,1066,1
There will be men to kill,either,EITHER,81,463,1
In the morning at breakfast Mike,smiled,SMILED,162,1203,1
You shouldnt have been racing my,truck,TRUCK,149,1061,1
Despite what Frank had told her,Ellen,ELLEN,130,871,1
Dont die of,cold,COLD,85,490,1
She would soon be found if she tried to,hide.,HIDE,127,846,1
Jacques sighed and tried to move out of the,way.,WAY,124,819,1
If,I,I,196,1592,1
Bob sat at the entrance to the warehouse and made,up,UP,190,1527,1
Alice is,looking,LOOKING,34,155,1
Billy knocked on the door and waited till he was,told,TOLD,189,1515,1
Whether Peter heard him or,not,NOT,110,692,1
Ill break your neck,if,IF,115,734,1
The truck,was,WAS,174,1331,1
He rose from his seat and stopped mid way,when,WHEN,194,1574,1
Tell,me,ME,78,437,1
Jamie took a cigarette and,Andy,ANDY,125,824,1
Underneath the table her hand,was,WAS,109,684,1
Finally Maria,sat,SAT,152,1089,1
Ian gave Geoffrey,a,A,116,742,1
A tube train took,his,HIS,14,57,1
He folded his arms across his chest and put out,his,HIS,155,1130,1
Run along home now and,bring,BRING,140,970,1
He smiled when she let out a big,yawn.,YAWN,92,551,1
I was thinking of getting the band,together,TOGETHER,94,566,1
I know Richard drinks a little too much and has a bit of,a,A,203,1697,1
You give me,a,A,111,698,1
He,called,CALLED,63,332,1
He was,built,BUILT,158,1155,1
This mans hair,is,IS,10,39,1
He slammed the knife down on the,lamb.,LAMB,65,352,1
Bruce is looking for,someone,SOMEONE,179,1389,1
You know better than to talk to your mother like,that.,THAT,147,1045,1
He called,out,OUT,63,333,1
Brian sat down at an empty table and,began,BEGAN,191,1537,1
Bob sat at the entrance to the warehouse,and,AND,190,1525,1
He heaved,his,HIS,87,505,1
Things were looking up,again.,AGAIN,9,36,1
Brian sat,down,DOWN,191,1531,1
One by one she,placed,PLACED,192,1545,1
He sighed and walked back to the,wood,WOOD,91,542,1
Jimmy liked the fact they were,calling,CALLING,118,763,1
Jamie,took,TOOK,125,820,1
Charles felt sick to the pit of,his,HIS,101,622,1
He staggered into the chair at,his,HIS,66,358,1
He held his mother tight and she cried,into,INTO,133,903,1
The speaker turned to her with a smile and a bow,of,OF,199,1641,1
Gordon,felt,FELT,16,64,1
Let us leave,these,THESE,69,376,1
They,turned,TURNED,108,672,1
He,is,IS,88,512,1
He had another shock when they told him he,was,WAS,156,1140,1
John gave Bernard,a,A,97,586,1
He needed putting in,his,HIS,18,77,1
Hes broken his,wrists,WRISTS,21,91,1
They stared at the black wall and,now,NOW,175,1347,1
Let us leave these poor people in,peace.,PEACE,69,380,1
He rose from his seat and stopped mid way when Joe,glared,GLARED,194,1576,1
You know better than to talk to your,mother,MOTHER,147,1043,1
It is not the most fragrant of places but we,make,MAKE,164,1229,1
The police,officer,OFFICER,198,1619,1
Ken just hoped he wasnt,taking,TAKING,136,930,1
One,by,BY,192,1542,1
Looks like a walk,did,DID,41,199,1
Andrew closed the,office,OFFICE,100,610,1
He,heaved,HEAVED,87,504,1
Let us give battle to these foreign snakes,once,ONCE,166,1249,1
Joseph walked into the office and removed,his,HIS,126,835,1
"I am trying, old man, but I would rather",kill,KILL,159,1173,1
He probably doesnt,want,WANT,37,174,1
Joseph walked into the office and removed his flat,cap.,CAP,126,837,1
He put his hands in his pockets and leaned against the,truck.,TRUCK,157,1153,1
William sat down and,tucked,TUCKED,71,391,1
Henry washed,his,HIS,197,1606,1
He let Donald,go,GO,182,1424,1
She couldnt,help,HELP,28,125,1
If this were a movie instead of a book this would,be,BE,204,1709,1
He smiled again and felt like a man and not,just,JUST,183,1443,1
The first knife caught in her skirt and she shook it,free.,FREE,172,1318,1
Underneath the table her hand was gripping the,chair.,CHAIR,109,687,1
Charles felt sick to the,pit,PIT,101,620,1
Scott got up and,washed,WASHED,43,211,1
Hes got the,ability,ABILITY,184,1448,1
Jacques sighed and tried,to,TO,124,814,1
Walter closed,the,THE,70,382,1
Why dont you tell me what,happened,HAPPENED,177,1368,1
His helmet was lost but he could still do,some,SOME,135,924,1
If this were a movie instead of,a,A,204,1705,2
Jack walked up to the,door.,DOOR,26,118,2
Normally they want to,cut,CUT,50,253,2
Andy felt,good,GOOD,188,1495,2
Sam felt proud,when,WHEN,42,204,2
Andrew closed,the,THE,100,609,2
He was built with muscle and liked to throw,his,HIS,158,1162,2
There were choked screams,and,AND,80,454,2
He,lay,LAY,90,528,2
Lawrence rubbed the back of,his,HIS,137,940,2
I mostly just pick a dry white and drink it to get,drunk.,DRUNK,187,1493,2
Alice,is,IS,34,154,2
He is after glory and heads for,his,HIS,88,518,2
All the,bowls,BOWLS,112,705,2
Edward washed his hands and flicked water at,Bob.,BOB,106,663,2
Theyre riding out to meet,them.,THEM,31,143,2
Now the man is coming who will give it,back,BACK,170,1294,2
I was thinking of getting,the,THE,94,564,2
The,dead,DEAD,55,280,2
She saw the throwing knife in his,hand.,HAND,75,422,2
Dont die of cold before you,die,DIE,85,493,2
The bored looking soldier just,pointed.,POINTED,29,133,2
He drove his truck,home,HOME,132,889,2
Tommy came out of the staff room,toilet,TOILET,167,1259,2
Michael,gave,GAVE,7,25,2
Arthur placed the,bars,BARS,96,578,2
His helmet was lost but he could still do some,damage.,DAMAGE,135,925,2
Jack walked up to,the,THE,26,117,2
Harry,smiled,SMILED,17,69,2
You,know,KNOW,147,1036,2
James was only in the cell for an hour but it felt like a,week.,WEEK,205,1726,2
"Anthony was approached, just as",he,HE,129,860,2
Scott got up,and,AND,43,210,2
He called over his,shoulder.,SHOULDER,3,12,2
Jake smiled again at,his,HIS,117,752,2
Jake smiled again at his,baby,BABY,117,753,2
Lewis sat down and Lucy laid her hand on,his,HIS,138,954,2
Things,were,WERE,9,33,2
Brian sniffed and wiped his,grubby,GRUBBY,119,770,2
Dont die of cold before you die,in,IN,85,494,2
The shout caught him off guard and he fell back,a,A,193,1563,2
There will be men,to,TO,81,461,2
I flung,out,OUT,186,1471,2
A tube,train,TRAIN,14,55,2
You shouldnt have been,racing,RACING,149,1059,2
He smiled again,and,AND,183,1436,2
He just,wished,WISHED,89,521,2
Underneath the table,her,HER,109,682,2
One by one she placed her teeth,about,ABOUT,192,1548,2
She threatened,to,TO,171,1298,2
In the morning at,breakfast,BREAKFAST,162,1201,2
"The gate was double, one huge mass of wood",following,FOLLOWING,143,1004,2
He smiled when she let,out,OUT,92,548,2
Underneath,the,THE,109,680,2
Anthony,was,WAS,129,856,2
You know better than,to,TO,147,1039,2
James walked in to wake Samuel at four thirty,in,IN,165,1239,2
He called over,his,HIS,3,11,2
Brian sniffed,and,AND,119,767,2
Simon,nodded,NODDED,44,214,2
Ill break your,neck,NECK,115,733,2
All last week there was a white,van,VAN,151,1083,2
Matthew stood against the wall with his,hands,HANDS,139,962,2
He,needed,NEEDED,18,74,2
The last thing Alex felt like doing after,work,WORK,173,1326,2
"I am trying, old","man,","MAN,",159,1168,2
They were definitely holding hands underneath the,table.,TABLE,82,471,2
I am,touched,TOUCHED,22,95,2
He,just,JUST,89,520,2
She saw the,throwing,THROWING,75,418,2
The last thing Alex felt like doing,after,AFTER,173,1325,2
Ill break,your,YOUR,115,732,2
Michael knew,they,THEY,168,1265,2
A,horse,HORSE,13,49,2
It is not the most fragrant of places but,we,WE,164,1228,2
Walter closed the door and,took,TOOK,70,385,2
Matthew stood against the wall,with,WITH,139,960,2
Tommy came out,of,OF,167,1255,2
If I have time at,the,THE,196,1596,2
Five will be listening,for,FOR,15,62,2
He put his hands in his pockets,and,AND,157,1149,2
His,dark,DARK,113,713,2
I flung out my hands and they,said,SAID,186,1476,2
The first knife caught in her skirt and she shook,it,IT,172,1317,2
The dead must not,kill,KILL,55,283,2
Joseph walked into,the,THE,126,831,2
Tommy came out of the staff,room,ROOM,167,1258,2
He sighed,and,AND,91,537,2
Weve been travelling,almost,ALMOST,33,151,2
Andrew nodded and stood against,the,THE,40,194,2
Alec stood against the wall to,steady,STEADY,72,400,2
You know that I will,do,DO,148,1050,2
Bruce is looking for someone,to,TO,179,1390,2
Let us give,battle,BATTLE,166,1244,2
He,was,WAS,202,1671,2
Let me through and youll hear nothing more of,it.,IT,121,792,2
Dave kicked him in the,stomach,STOMACH,103,636,2
If this were a movie instead of a book,this,THIS,204,1707,2
Andrew nodded and stood against the,counter.,COUNTER,40,195,2
He was already up,and,AND,202,1674,2
Jake smiled again at his baby,"daughter,","DAUGHTER,",117,754,2
Bob sat at the,entrance,ENTRANCE,190,1521,2
Jamie took a cigarette and Andy gave,him,HIM,125,826,2
I am touched,deeply,DEEPLY,22,96,2
None,of,OF,74,409,2
He let Donald go and,he,HE,182,1426,2
It is not,the,THE,164,1222,2
"The gate was double, one huge mass of",wood,WOOD,143,1003,2
Men could be paid to do,all,ALL,122,798,2
I think our friends,demands,DEMANDS,68,370,2
Tony stopped off,at,AT,49,246,2
The police officer got out of the van and,picked,PICKED,198,1626,2
Tommy came out of the staff room toilet looking a,little,LITTLE,167,1262,2
The speaker turned,to,TO,199,1633,2
She just kept telling herself he had to,learn,LEARN,141,983,2
Albert spoke before Barbara had a chance,to.,TO,60,317,2
Dave kicked,him,HIM,103,633,2
Matthew stood against the wall with his hands behind,his,HIS,139,964,2
Whether Peter heard him,or,OR,110,691,2
All the bowls,from,FROM,112,706,2
One by one she placed her teeth about,their,THEIR,192,1549,2
Billy knocked on the door,and,AND,189,1510,2
They say he can,breathe,BREATHE,200,1647,2
Alan told Jason he would just,sit,SIT,169,1280,2
Dave kicked him in,the,THE,103,635,2
He rose from his,seat,SEAT,194,1569,2
Emma put her mug of tea,down,DOWN,178,1379,2
Lewis sat down and Lucy laid her,hand,HAND,138,952,2
Arthur placed the bars of,chocolate,CHOCOLATE,96,580,2
Charles felt sick,to,TO,101,618,2
Dave kicked him,in,IN,103,634,2
The bored looking soldier,just,JUST,29,132,2
He knocked on the door so hard that he almost,broke,BROKE,181,1419,2
Ted,smiled,SMILED,46,226,2
Now the man,is,IS,170,1288,2
"While they sat drinking their tea, Mick dug",them,THEM,146,1033,2
I dont want,to,TO,23,101,2
Hes got the ability to work but he just gets bored,too,TOO,184,1456,2
He was,leaning,LEANING,93,553,2
Lets,get,GET,98,592,2
Steve sat down to eat his,lunch.,LUNCH,45,225,2
Gilbert sat as still as he could nursing his,lip.,LIP,123,810,2
The prison guard,walked,WALKED,56,288,2
He probably doesnt want people,to,TO,37,176,2
He rose from his seat and stopped mid way when,Joe,JOE,194,1575,2
All,last,LAST,151,1077,2
Let us give battle to these foreign,snakes,SNAKES,166,1248,2
He heaved his shoulders and swung the,axe,AXE,87,510,2
She had,refused,REFUSED,52,263,2
Albert spoke before Barbara had a,chance,CHANCE,60,316,2
Phil let him go and Charlie fell,to,TO,120,781,2
Andy felt good when he got ready to,go,GO,188,1501,2
He heaved his shoulders,and,AND,87,507,2
The last thing,Alex,ALEX,173,1321,2
He probably doesnt want,people,PEOPLE,37,175,2
Bob,sat,SAT,190,1518,2
She hid the boxes,and,AND,53,271,2
Phil,let,LET,120,775,2
Lewis sat down and Lucy laid her hand on his,cheek.,CHEEK,138,955,2
You shouldnt have,been,BEEN,149,1058,2
Albert spoke before Barbara had,a,A,60,315,2
They were,definitely,DEFINITELY,82,466,2
In,the,THE,162,1198,2
He let Donald go and he fell to the floor with a,thud.,THUD,182,1433,2
If this,were,WERE,204,1700,2
I do not spare,the,THE,67,363,2
The shout caught him off guard and he fell back a little,way.,WAY,193,1565,2
I mostly just pick,a,A,187,1485,2
He was already,up,UP,202,1673,2
Emma put her,mug,MUG,178,1376,2
Despite what Frank had told her Ellen,thanked,THANKED,130,872,2
Weve been travelling almost three,days.,DAYS,33,153,2
From the moment we leave this spot be very careful what,you,YOU,180,1408,2
Ross,sat,SAT,27,119,2
Harry smiled at,his,HIS,17,71,2
Let,me,ME,121,784,2
It is a,narrow,NARROW,95,570,2
Ted smiled and,bit,BIT,46,228,2
Let me through and youll hear nothing more,of,OF,121,791,2
Walter closed the door and took a,breath.,BREATH,70,387,2
Anne lost,control,CONTROL,1,2,2
Dexter,opened,OPENED,104,640,2
All last week there was a white van parked across,the,THE,151,1086,2
He drove his,truck,TRUCK,132,888,2
His dark hair,was,WAS,113,715,2
He went to the door,and,AND,134,910,2
The first knife caught in her skirt and,she,SHE,172,1315,2
You know that I will do whatever you ask of,me.,ME,148,1055,2
The shout caught him off guard,and,AND,193,1559,2
Ted smiled and bit his,bottom,BOTTOM,46,230,2
If I,have,HAVE,196,1593,2
He lay,his,HIS,90,529,2
I,am,AM,22,94,2
Now the man is coming who will,give,GIVE,170,1292,2
Lawrence rubbed,the,THE,137,937,2
Tom stood up and,wiped,WIPED,48,241,2
He drank too much at times and washed too little,at,AT,154,1119,2
William sat down and tucked,into,INTO,71,392,2
The truck was an,older,OLDER,174,1333,2
You give me a,lead,LEAD,111,699,2
A tube train took his,legs.,LEGS,14,58,2
Billy knocked on the door and waited till,he,HE,189,1513,2
Roger smiled,and,AND,8,30,2
The shout caught him off guard and he fell,back,BACK,193,1562,2
We should talk,about,ABOUT,176,1354,2
He staggered into the,chair,CHAIR,66,356,2
Helen ran,to,TO,5,18,2
The shout,caught,CAUGHT,193,1555,2
Youll demand nothing,of,OF,12,47,2
They stared at the black wall and now this offered no,comfort.,COMFORT,175,1351,2
Run along home now,and,AND,140,969,2
Claudia still teaches and,still,STILL,83,475,2
Ill break your neck if,you,YOU,115,735,2
Roger smiled and,sat,SAT,8,31,2
He,held,HELD,133,896,2
Walter closed the door and took,a,A,70,386,2
He lay his sword aside and extended his,hands.,HANDS,90,535,3
He had another shock when they told him,he,HE,156,1139,3
Brian sat down at an empty table and began to eat,his,HIS,191,1540,3
It had been two weeks since Philip,had,HAD,163,1215,3
The van,is,IS,57,293,3
I know,Richard,RICHARD,203,1686,3
Have a carriage,sent,SENT,36,168,3
He folded his arms across his chest and put,out,OUT,155,1129,3
I cannot tell you,more.,MORE,6,24,3
Brian sat down,at,AT,191,1532,3
It had been,two,TWO,163,1211,3
You give,me,ME,111,697,3
He rose from his seat and,stopped,STOPPED,194,1571,3
A smile came to his lips as he thought of,an,AN,150,1075,3
The gathered villagers took a,step,STEP,144,1010,3
Thomas stepped,back,BACK,47,233,3
I cant see any amount of talk getting you,out,OUT,185,1466,3
Why dont you tell me what happened on,"Saturday,","SATURDAY,",177,1370,3
Ian gave,Geoffrey,GEOFFREY,116,741,3
Jack walked up,to,TO,26,116,3
He didnt seem to mind that she was,screaming,SCREAMING,153,1106,3
From the moment we leave this spot,be,BE,180,1404,3
He had another,shock,SHOCK,156,1134,3
He called,over,OVER,3,10,3
All last week there was a white van parked across the,street.,STREET,151,1087,3
Billy knocked on the,door,DOOR,189,1509,3
Lets have the gates closed,and,AND,99,604,3
Charles felt,sick,SICK,101,617,3
He went to the door and walked out,of,OF,134,913,3
Turn your,hearing,HEARING,11,42,3
Burn,him,HIM,84,480,3
He held his mother tight,and,AND,133,900,3
They say,he,HE,200,1645,3
Thomas stepped back and shook his,head.,HEAD,47,237,3
Alice is looking for somewhere,to,TO,34,158,3
Jack walked,up,UP,26,115,3
I do,not,NOT,67,361,3
Ken just,hoped,HOPED,136,927,3
She threatened to leave before and this time,she,SHE,171,1304,3
They stared at the black,wall,WALL,175,1345,3
Bob sat at the entrance to the warehouse and,made,MADE,190,1526,3
No-one else had dared step within,the,THE,73,407,3
Dexter opened his letter and found,a,A,104,645,3
Andrew nodded and,stood,STOOD,40,192,3
The speaker turned to,her,HER,199,1634,3
Thomas stepped back and shook,his,HIS,47,236,3
Andy felt good when he got ready,to,TO,188,1500,3
He needed,putting,PUTTING,18,75,3
Hes got the ability to work but he,just,JUST,184,1453,3
Hes,got,GOT,184,1446,3
The,bored,BORED,54,274,3
Dexter opened his letter and,found,FOUND,104,644,3
Whether Peter heard him or not Gabriel didnt,care.,CARE,110,695,3
Powerful,in,IN,51,256,3
The first knife,caught,CAUGHT,172,1310,3
He uses his belt on,you.,YOU,20,88,3
She hid the boxes and,matches,MATCHES,53,272,3
I mostly just,pick,PICK,187,1484,3
Why dont you,tell,TELL,177,1365,3
His helmet was lost,but,BUT,135,919,3
He staggered into the chair at his,desk.,DESK,66,359,3
Things were,looking,LOOKING,9,34,3
Alan told,Jason,JASON,169,1276,3
He was built with muscle and liked to,throw,THROW,158,1161,3
Ill break your neck if you dont,fix,FIX,115,737,3
There were choked screams and shouts of,dismay.,DISMAY,80,457,3
Anne lost control and,laughed.,LAUGHED,1,4,3
Tell me,what,WHAT,78,438,3
Phil let him go and Charlie,fell,FELL,120,780,3
I know Richard drinks a little,too,TOO,203,1690,3
William sat down,and,AND,71,390,3
The shout caught him off guard and he,fell,FELL,193,1561,3
He smiled again and felt like a man and,not,NOT,183,1442,3
He put the fork,on,ON,38,181,3
"Why dont you tell me what happened on Saturday, step",by,BY,177,1372,3
He called out but,she,SHE,63,335,3
No-one else had,dared,DARED,73,404,3
The first knife caught in her skirt,and,AND,172,1314,3
I am touched deeply in,places.,PLACES,22,98,3
Henry washed his hands and sat on the seat in front of,the,THE,197,1616,3
He went,to,TO,134,907,3
After lunch,he,HE,59,305,3
You give me a lead and Ill,follow,FOLLOW,111,702,3
I knew I,heard,HEARD,24,106,3
The first knife caught in her skirt and she,shook,SHOOK,172,1316,3
She would soon,be,BE,127,840,3
The,brothers,BROTHERS,128,847,3
He was built with muscle and,liked,LIKED,158,1159,3
Shut your smart foul mouth and sit,down.,DOWN,77,436,3
Tom stood up and wiped his,jeans.,JEANS,48,243,3
Gilbert,sat,SAT,123,802,3
Jamie took a,cigarette,CIGARETTE,125,822,3
Claudia still teaches and still,claims,CLAIMS,83,476,3
They say he,can,CAN,200,1646,3
She,turned,TURNED,107,664,3
Jake smiled again,at,AT,117,751,3
Youre getting up early,in,IN,58,301,3
He lay his sword aside and extended,his,HIS,90,534,3
He drove his truck home and walked down to,the,THE,132,894,3
A smile came,to,TO,150,1068,3
Phil let him go and Charlie fell to the,ground.,GROUND,120,783,3
She saw the throwing knife,in,IN,75,420,3
Ill give him more than a,slap.,SLAP,39,189,3
Why dont,you,YOU,177,1364,3
The campaign,will,WILL,30,135,3
While they,sat,SAT,146,1027,3
Simon nodded,and,AND,44,215,3
Bob sat at the entrance to the,warehouse,WAREHOUSE,190,1524,3
"Powerful in the wrong hands, is",that.,THAT,51,261,3
Arthur placed the bars,of,OF,96,579,3
Steve sat down to eat,his,HIS,45,224,3
I shall have a victory and I want it to,be,BE,160,1185,3
Lewis sat down and Lucy laid,her,HER,138,951,3
Tony stopped off at his,first,FIRST,49,248,3
His helmet was lost but he could,still,STILL,135,922,3
I flung out my hands and,they,THEY,186,1475,3
A horse has,thrown,THROWN,13,51,3
From the moment we leave this spot be very,careful,CAREFUL,180,1406,3
He let,Donald,DONALD,182,1423,3
Ill break your neck if you dont fix,that,THAT,115,738,3
Michael gave Adam,two,TWO,7,27,3
Finally Maria sat down with,a,A,152,1092,3
I shall have a victory and I want,it,IT,160,1183,3
She turned and saw him standing in,her,HER,107,670,3
His helmet,was,WAS,135,917,3
He lay his,sword,SWORD,90,530,3
We shall arrive,properly,PROPERLY,145,1018,3
Ill,break,BREAK,115,731,3
Bob sat,at,AT,190,1519,3
Billy knocked,on,ON,189,1507,3
He rose from,his,HIS,194,1568,3
Jamie took,a,A,125,821,3
We should talk about the things people talk about on,first,FIRST,176,1361,3
He needed putting,in,IN,18,76,3
All the bowls from the,empty,EMPTY,112,708,3
There were choked screams and shouts,of,OF,80,456,3
He stayed against the,wall.,WALL,4,16,3
He sighed and walked,back,BACK,91,539,3
If I have time at the end Ill fill you in on,what,WHAT,196,1603,3
Lets have,the,THE,99,601,3
Have a,carriage,CARRIAGE,36,167,3
She had refused to leave,her,HER,52,266,3
Charles felt sick to the pit of his,stomach.,STOMACH,101,623,3
You know that I will do whatever you ask,of,OF,148,1054,3
I,shall,SHALL,160,1176,3
He went to the door and walked,out,OUT,134,912,3
He was already up and dressed and invited us,in,IN,202,1679,3
Emma put,her,HER,178,1375,3
Claudia still teaches and still claims,to,TO,83,477,3
The shout caught him off guard and he fell back a,little,LITTLE,193,1564,3
Duncan took a breath,and,AND,105,651,3
It is a narrow,"ship,","SHIP,",95,571,3
Turn,your,YOUR,11,41,3
Dexter opened,his,HIS,104,641,3
I think our,friends,FRIENDS,68,369,3
A smile,came,CAME,150,1067,3
I flung out my hands and they said I had broken,my,MY,186,1480,3
It is not the most fragrant,of,OF,164,1225,3
"I am trying, old man, but",I,I,159,1170,3
They,say,SAY,200,1644,3
Tommy came out of,the,THE,167,1256,3
The campaign will,pay,PAY,30,136,3
The door was opened and Alexander walked,out.,OUT,79,450,3
Jamie took a cigarette and Andy gave him,a,A,125,827,3
"Good God, if you",are,ARE,86,499,3
A smile came to his lips as he thought,of,OF,150,1074,3
In the morning at breakfast Mike smiled at the,letter,LETTER,162,1206,3
I wouldnt want,to,TO,25,111,3
Alec,stood,STOOD,72,395,3
Ken,just,JUST,136,926,3
A,tube,TUBE,14,54,3
Jamie took a cigarette,and,AND,125,823,3
The bored looking,soldier,SOLDIER,54,276,3
She,threatened,THREATENED,171,1297,3
The speaker turned to her with,a,A,199,1636,3
Henry washed his hands and,sat,SAT,197,1609,3
He didnt seem to,mind,MIND,153,1102,3
Finally Maria sat down with a cup of tea and,a,A,152,1097,3
"She was smiling in the dark, teeth",flashing.,FLASHING,76,429,3
A smile came to his lips as,he,HE,150,1072,3
Finally Maria sat,down,DOWN,152,1090,3
I know Richard drinks,a,A,203,1688,3
He smiled when she,let,LET,92,547,3
None of the city people,dress,DRESS,74,413,3
He let Donald go and he fell,to,TO,182,1428,3
The brothers stood up and came down from the,platform.,PLATFORM,128,855,3
Now the man is coming,who,WHO,170,1290,3
Hes broken his wrists very,badly.,BADLY,21,93,3
In the morning Mickey,stood,STOOD,161,1190,3
I flung out my hands and they said I,had,HAD,186,1478,3
The truck was,an,AN,174,1332,3
I cant see any,amount,AMOUNT,185,1461,3
She,just,JUST,141,976,3
The bored looking,soldier,SOLDIER,29,131,3
Underneath the table her hand was gripping,the,THE,109,686,3
The van is your,"lead,","LEAD,",57,295,3
He let Donald go and he fell to the floor with,a,A,182,1432,3
The,gate,GATE,143,996,3
John gave Bernard a hard slap on,the,THE,97,590,3
He smiled again and felt like a man and not just,the,THE,183,1444,3
He,sat,SAT,195,1579,3
Tom,stood,STOOD,48,238,3
Gilbert sat as still as,he,HE,123,806,3
Jake smiled,again,AGAIN,117,750,3
He was already up and dressed and invited,us,US,202,1678,3
Shut your smart,foul,FOUL,77,432,3
He,smiled,SMILED,183,1434,3
Lawrence rubbed the back of his neck and hung,his,HIS,137,944,3
Follow me,closely,CLOSELY,62,326,3
The gathered villagers took,a,A,144,1009,3
Despite what Frank had told,her,HER,130,870,3
She,was,WAS,76,423,3
Joseph walked into the office and removed his,flat,FLAT,126,836,3
"The gathered villagers took a step back, almost as one",man.,MAN,144,1015,3
Andy felt good when he got ready to go out on Saturday,night.,NIGHT,188,1505,3
If I have time at the end Ill fill you in,on,ON,196,1602,3
She would soon be found,if,IF,127,842,4
I,think,THINK,68,367,4
I cant,see,SEE,185,1459,4
I shall have a,victory,VICTORY,160,1179,4
Arthur placed the bars of chocolate on the,counter.,COUNTER,96,583,4
Harry smiled at his little,brother.,BROTHER,17,73,4
You give me a lead and Ill follow,it.,IT,111,703,4
The van is,your,YOUR,57,294,4
He,was,WAS,158,1154,4
Looks,like,LIKE,41,196,4
He sat his son up on the,table,TABLE,195,1585,4
Have a carriage sent for us,immediately.,IMMEDIATELY,36,171,4
His helmet was lost but he,could,COULD,135,921,4
I shall have a victory and I want it to be,remembered.,REMEMBERED,160,1186,4
They stared at the black wall and now this,offered,OFFERED,175,1349,4
She just kept,telling,TELLING,141,978,4
He,put,PUT,157,1143,4
Finally Maria sat down with a cup,of,OF,152,1094,4
Andrew nodded,and,AND,40,191,4
Despite what Frank had told her Ellen thanked the young,soldier.,SOLDIER,130,875,4
He let Donald go and he fell to the floor,with,WITH,182,1431,4
In the,morning,MORNING,161,1188,4
He smiled again and,felt,FELT,183,1437,4
Albert,spoke,SPOKE,60,311,4
Why dont you tell,me,ME,177,1366,4
Lets get out and Ill,buy,BUY,98,596,4
If this were a movie instead of a book this would be,a,A,204,1710,4
Let me,through,THROUGH,121,785,4
Lets have the gates closed and go,home,HOME,99,606,4
There will be,men,MEN,81,460,4
I was thinking,of,OF,94,562,4
She hid the boxes and matches,well.,WELL,53,273,4
He folded his arms across his chest,and,AND,155,1127,4
"The gathered villagers took a step back, almost",as,AS,144,1013,4
"Good God, if you are watching, give",me,ME,86,502,4
Matthew stood against the wall with,his,HIS,139,961,4
The brothers stood up and came down from,the,THE,128,854,4
She threatened to leave before,and,AND,171,1301,4
James,walked,WALKED,165,1231,4
He sat his,son,SON,195,1581,4
He stayed against,the,THE,4,15,4
James walked in,to,TO,165,1233,4
If I have time at the end Ill fill,you,YOU,196,1600,4
Tommy came out of the staff room toilet,looking,LOOKING,167,1260,4
I mostly just pick a dry white and drink it to,get,GET,187,1492,4
Lets have the gates closed and go home,early.,EARLY,99,607,4
Alan forgot,to,TO,35,161,4
Edward washed his hands and flicked water,at,AT,106,662,4
His helmet was,lost,LOST,135,918,4
He sat his son up on the table and laid his belt beside,him.,HIM,195,1591,4
He drank too much at,times,TIMES,154,1114,4
Have a carriage sent for,us,US,36,170,4
James was,only,ONLY,205,1714,4
Scott got up and washed,his,HIS,43,212,4
We should,talk,TALK,176,1353,4
He shouted and,the,THE,19,81,4
"She was smiling in the dark,",teeth,TEETH,76,428,4
He came back to his senses when he heard his dad stand up,to,TO,201,1669,4
No-one,else,ELSE,73,402,4
James was only in the cell,for,FOR,205,1718,4
He,smiled,SMILED,92,544,4
He came,back,BACK,201,1658,4
He lay his sword,aside,ASIDE,90,531,4
Simon nodded and walked into,the,THE,44,218,4
Tony stopped off at,his,HIS,49,247,4
Brian sat down at an empty table and began to eat his,breakfast.,BREAKFAST,191,1541,4
The shout caught,him,HIM,193,1556,4
It had been two weeks since Philip had been,sent,SENT,163,1217,4
I shall have a victory and I,want,WANT,160,1182,4
He had another shock when they,told,TOLD,156,1137,4
He was already up and dressed and invited us in,for,FOR,202,1680,4
Emma put her mug,of,OF,178,1377,4
I,flung,FLUNG,186,1470,4
He went to,the,THE,134,908,4
"I am trying, old man,",but,BUT,159,1169,4
He had another shock when they told him he was moving,cells.,CELLS,156,1142,4
The door was,opened,OPENED,79,446,4
Alice is looking for somewhere to,live.,LIVE,34,159,4
He was leaning against his truck smoking,a,A,93,558,4
It had been two,weeks,WEEKS,163,1212,4
There were choked,screams,SCREAMS,80,453,4
He,called,CALLED,3,9,4
The gathered,villagers,VILLAGERS,144,1007,4
I,was,WAS,94,560,4
Matthew stood against the wall with his hands behind his,back.,BACK,139,965,4
"While they sat drinking their tea,",Mick,MICK,146,1031,4
He knocked,on,ON,181,1411,4
Whether,Peter,PETER,110,688,4
Albert spoke,before,BEFORE,60,312,4
She wound up talking to Barry about,her,HER,142,992,4
Gilbert sat as,still,STILL,123,804,4
Edward washed his hands and flicked,water,WATER,106,661,4
Lawrence,rubbed,RUBBED,137,936,4
"It is a narrow ship, much like our",own.,OWN,95,575,4
If I have time at the end Ill,fill,FILL,196,1599,4
If this were,a,A,204,1701,4
Lets get,out,OUT,98,593,4
It is not the,most,MOST,164,1223,4
He is after glory and heads,for,FOR,88,517,4
Now the man is,coming,COMING,170,1289,4
All last week there,was,WAS,151,1080,4
There were,choked,CHOKED,80,452,4
Michael knew they never hit him,and,AND,168,1269,4
Shut your,smart,SMART,77,431,4
He rose from his seat,and,AND,194,1570,4
Run,along,ALONG,140,966,4
Ian gave Geoffrey a hard slap across his right,ear.,EAR,116,748,4
You,know,KNOW,148,1046,4
One by one she placed her teeth about their necks and killed,them.,THEM,192,1553,4
"I am trying, old man, but I would rather kill the",ship.,SHIP,159,1175,4
He is after glory and heads for his,hall.,HALL,88,519,4
She just,kept,KEPT,141,977,4
Weve,been,BEEN,33,149,4
His men will not follow him and they,are,ARE,114,729,4
He didnt seem,to,TO,153,1101,4
He came back to his senses when he heard his dad stand,up,UP,201,1668,4
Lawrence rubbed the back of his neck,and,AND,137,942,4
One by one she placed her,teeth,TEETH,192,1547,4
He smiled when she let out a,big,BIG,92,550,4
She threatened to leave before and this time she just had,enough.,ENOUGH,171,1307,4
You know that,I,I,148,1048,4
Tell me what really,happened,HAPPENED,78,440,4
It is not the most fragrant of places but we make,do.,DO,164,1230,4
None of the,city,CITY,74,411,4
He,was,WAS,93,552,4
I,do,DO,67,360,4
In the morning Mickey stood straight with his hand behind his,back.,BACK,161,1197,4
He drank too much at times and,washed,WASHED,154,1116,4
Men could be paid to,do,DO,122,797,4
The door,was,WAS,79,445,4
Hes got,the,THE,184,1447,4
Henry washed his hands and sat on the seat in front of the,stove.,STOVE,197,1617,4
Michael gave,Adam,ADAM,7,26,4
She just kept telling herself he,had,HAD,141,981,4
He went to the door and walked out of the,room.,ROOM,134,915,4
Joseph walked into the,office,OFFICE,126,832,4
Run along home,now,NOW,140,968,4
He was built with muscle and liked to throw his weight,around.,AROUND,158,1164,4
James was only in the cell for an hour but it,felt,FELT,205,1723,4
Jacques sighed and,tried,TRIED,124,813,4
The police officer,got,GOT,198,1620,4
If this were a movie,instead,INSTEAD,204,1703,4
Andrew closed the office door on the,way,WAY,100,614,4
Ian gave Geoffrey a,hard,HARD,116,743,4
He sighed and walked back to the wood,shop.,SHOP,91,543,4
From the moment we leave this spot be very careful what you,say.,SAY,180,1409,4
He drove his truck home and walked down to the,village.,VILLAGE,132,895,4
We shall arrive properly,or,OR,145,1019,4
Matthew stood,against,AGAINST,139,957,4
Let me through and youll,hear,HEAR,121,788,4
Come within the walls to escape,the,THE,61,323,4
Harry smiled,at,AT,17,70,4
Finally Maria sat down with a cup of tea and a,sandwich.,SANDWICH,152,1098,4
He just wished he could talk to his,dad.,DAD,89,527,4
Henry washed his,hands,HANDS,197,1607,4
The,police,POLICE,198,1618,4
He shouted and the calling,ceased.,CEASED,19,83,4
The gate was,"double,","DOUBLE,",143,998,4
Emma put her mug of tea down on the,table,TABLE,178,1382,4
In the morning Mickey stood straight,with,WITH,161,1192,4
"It is a narrow ship, much like",our,OUR,95,574,4
They say he can breathe fire and kill a man with,a,A,200,1654,4
He just wished he could talk to,his,HIS,89,526,4
Dave kicked him in the stomach and,Paul,PAUL,103,638,4
Arthur placed the bars of chocolate on,the,THE,96,582,4
He was leaning against his,truck,TRUCK,93,556,4
Jacques sighed,and,AND,124,812,4
After lunch he,was,WAS,59,306,4
Bruce is,looking,LOOKING,179,1387,4
Hes broken,his,HIS,21,90,4
Jimmy liked,the,THE,118,759,4
He sighed and walked back to,the,THE,91,541,4
Ian,gave,GAVE,116,740,4
She turned and saw him standing in her,path.,PATH,107,671,4
"Anthony was approached, just",as,AS,129,859,4
She wound up talking to Barry,about,ABOUT,142,991,4
He put his hands in his pockets and leaned,against,AGAINST,157,1151,4
This,mans,MANS,10,37,4
He was already up and,dressed,DRESSED,202,1675,4
Hes got the ability to work but,he,HE,184,1452,4
Have a carriage sent,for,FOR,36,169,4
I shall have a victory and I want it,to,TO,160,1184,4
He smiled again and felt like,a,A,183,1439,4
I flung out my hands and they said I had broken my,wrists.,WRISTS,186,1481,4
He rose from his seat and stopped mid,way,WAY,194,1573,4
Brian sniffed and wiped his grubby hand across,his,HIS,119,773,4
"The van is your lead, follow",that.,THAT,57,297,4
Jacques sighed and tried to move,out,OUT,124,816,4
I cant see any amount,of,OF,185,1462,4
We should talk about the things people,talk,TALK,176,1358,4
He just wished,he,HE,89,522,4
Christopher groaned and,lay,LAY,102,626,4
She couldnt help feel for,Alex.,ALEX,28,128,4
Jimmy liked the fact they,were,WERE,118,762,4
She would soon be found if,she,SHE,127,843,4
He came back to,his,HIS,201,1660,4
His dark,hair,HAIR,113,714,4
Hes got the ability to,work,WORK,184,1450,4
All the bowls from,the,THE,112,707,4
"Anthony was approached, just as he had","predicted,","PREDICTED,",129,862,4
Lets get out and Ill buy you a,drink.,DRINK,98,599,4
Claudia still,teaches,TEACHES,83,473,4
Shut,your,YOUR,77,430,4
All the bowls from the empty tables are cleared,up.,UP,112,712,4
You give me a lead and,Ill,ILL,111,701,4
Lets have the gates closed and,go,GO,99,605,4
Let us give battle to these foreign snakes once,and,AND,166,1250,4
The last thing Alex felt like doing after work was more,work.,WORK,173,1329,4
Emma put her mug of tea down on the table with,a,A,178,1384,4
He had another shock,when,WHEN,156,1135,4
Dont die of cold before,you,YOU,85,492,4
He knocked on the door so hard that he almost broke it,down.,DOWN,181,1421,4
Lewis sat down and,Lucy,LUCY,138,949,4
Henry washed his hands and sat,on,ON,197,1610,4
The police officer got out of the van and picked up the,two,TWO,198,1629,4
He called earlier and I already arranged,to,TO,131,882,4
We,barely,BARELY,32,144,5
Shut your smart foul mouth and,sit,SIT,77,435,5
They stared at the black wall and now this offered,no,NO,175,1350,5
Charles felt sick to,the,THE,101,619,5
I am,"trying,","TRYING,",159,1166,5
I knew I heard your,voice.,VOICE,24,108,5
Dave kicked him in the stomach,and,AND,103,637,5
Charles felt sick to the pit,of,OF,101,621,5
All the bowls from the empty,tables,TABLES,112,709,5
Lets get out and Ill buy,you,YOU,98,597,5
No-one else had dared step,within,WITHIN,73,406,5
Normally they,want,WANT,50,251,5
It had been two weeks,since,SINCE,163,1213,5
Alec stood against the wall to steady,himself.,HIMSELF,72,401,5
They were definitely,holding,HOLDING,82,467,5
One by,one,ONE,192,1543,5
His men will not follow him,and,AND,114,727,5
James was only in the,cell,CELL,205,1717,5
Bob sat at the entrance to the warehouse and made up a,cigarette.,CIGARETTE,190,1529,5
He smiled,when,WHEN,92,545,5
He drove his truck home and walked,down,DOWN,132,892,5
A tube train,took,TOOK,14,56,5
Lawrence rubbed the back of his neck and,hung,HUNG,137,943,5
They turned round,just,JUST,108,674,5
Men could be paid to do all sorts,of,OF,122,800,5
James walked in to,wake,WAKE,165,1234,5
Jimmy liked the,fact,FACT,118,760,5
He,stayed,STAYED,4,13,5
He called earlier,and,AND,131,878,5
James walked in to wake Samuel,at,AT,165,1236,5
Gordon felt his anger,build,BUILD,16,67,5
Gordon felt,his,HIS,16,65,5
A smile came to his lips as he thought of an,idea.,IDEA,150,1076,5
"Jake smiled again at his baby daughter, she was",perfect.,PERFECT,117,757,5
Lets,have,HAVE,99,600,5
If this were a movie instead of a book this would be a,good,GOOD,204,1711,5
There,will,WILL,81,458,5
She just kept telling herself he had to learn,a,A,141,984,5
The truck was an older version of the ones,the,THE,174,1338,5
Looks like a walk did the,trick.,TRICK,41,201,5
Dexter opened his,letter,LETTER,104,642,5
John gave Bernard a hard slap on the,head.,HEAD,97,591,5
The,bored,BORED,29,129,5
Duncan took a,breath,BREATH,105,650,5
They,stared,STARED,175,1341,5
Alec stood against,the,THE,72,397,5
Emma put her mug of tea down on the table with a,bang.,BANG,178,1385,5
The,van,VAN,57,292,5
Whether Peter heard him or not,Gabriel,GABRIEL,110,693,5
Five will be listening for,sure.,SURE,15,63,5
James walked in to wake Samuel at four,thirty,THIRTY,165,1238,5
The door was opened,and,AND,79,447,5
In the morning Mickey stood straight with his,hand,HAND,161,1194,5
Claudia still teaches and still claims to,hate,HATE,83,478,5
Five,will,WILL,15,59,5
Ill give him,more,MORE,39,186,5
Why,dont,DONT,177,1363,5
We barely escaped,with,WITH,32,146,5
Youre getting up,early,EARLY,58,300,5
Christopher groaned and lay his hands across his,stomach.,STOMACH,102,631,5
The,speaker,SPEAKER,199,1631,5
Henry washed his hands,and,AND,197,1608,5
From the moment we,leave,LEAVE,180,1401,5
No-one else,had,HAD,73,403,5
Arthur,placed,PLACED,96,576,5
She turned and saw him,standing,STANDING,107,668,5
Jimmy liked the fact they were calling him,Jim.,JIM,118,765,5
Powerful in,the,THE,51,257,5
I,am,AM,159,1165,5
We shall arrive properly or you will never live this,down.,DOWN,145,1025,5
Brian sniffed and wiped,his,HIS,119,769,5
He held his,mother,MOTHER,133,898,5
You know better,than,THAN,147,1038,5
He held his mother tight and she,cried,CRIED,133,902,5
He sat,down,DOWN,64,340,5
Michael knew they never hit,him,HIM,168,1268,5
Lets get out and,Ill,ILL,98,595,5
Let us leave these,poor,POOR,69,377,5
William sat,down,DOWN,71,389,5
He came back to his,senses,SENSES,201,1661,5
While,they,THEY,146,1026,5
"Burn him now,",dont,DONT,84,482,5
Bruce is looking for someone to,take,TAKE,179,1391,5
He called,earlier,EARLIER,131,877,5
The dead,must,MUST,55,281,5
Edward washed his,hands,HANDS,106,658,5
They say he can breathe,fire,FIRE,200,1648,5
He folded his arms across,his,HIS,155,1125,5
"I am trying,",old,OLD,159,1167,5
Dont die,of,OF,85,489,5
He put his hands in his,pockets,POCKETS,157,1148,5
The,last,LAST,173,1319,5
He was leaning against his truck smoking a,joint.,JOINT,93,559,5
He sat his son up,on,ON,195,1583,5
He drank too much,at,AT,154,1113,5
"The gate was double,",one,ONE,143,999,5
He put his,hands,HANDS,157,1145,5
Joseph,walked,WALKED,126,829,5
Dont,die,DIE,85,488,5
She,hid,HID,53,268,5
The last thing Alex felt,like,LIKE,173,1323,5
James,was,WAS,205,1713,5
Emma put her mug of tea down on the table,with,WITH,178,1383,5
Jimmy liked the fact they were calling,him,HIM,118,764,5
"Good God, if you are watching,",give,GIVE,86,501,5
They say he can breathe fire and,kill,KILL,200,1650,5
"Anthony was approached, just as he",had,HAD,129,861,5
None of,the,THE,74,410,5
I,mostly,MOSTLY,187,1482,5
Good,"God,","GOD,",86,496,5
It had been two weeks since,Philip,PHILIP,163,1214,5
Helen ran to,the,THE,5,19,5
Ian gave Geoffrey a hard slap across his,right,RIGHT,116,747,5
Let us give battle to these,foreign,FOREIGN,166,1247,5
The last thing Alex felt like doing after work,was,WAS,173,1327,5
All last week there was a white van,parked,PARKED,151,1084,5
Hes got the ability to work but he just gets,bored,BORED,184,1455,5
Simon nodded and,walked,WALKED,44,216,5
Five will,be,BE,15,60,5
He was already up and dressed and invited us in for,a,A,202,1681,5
The first knife caught in,her,HER,172,1312,5
The prison guard walked along,the,THE,56,290,5
He,folded,FOLDED,155,1121,5
She saw,the,THE,75,417,5
They stared at the,black,BLACK,175,1344,5
Brian sniffed and wiped his grubby hand,across,ACROSS,119,772,5
The speaker turned to her with a smile,and,AND,199,1638,5
She had refused to,leave,LEAVE,52,265,5
If I have time at the end,Ill,ILL,196,1598,5
I cant see any amount of talk getting you out,of,OF,185,1467,5
I knew I heard,your,YOUR,24,107,5
You know,that,THAT,148,1047,5
Scott got,up,UP,43,209,5
He just wished he could,talk,TALK,89,524,5
He sat his son up on the table and,laid,LAID,195,1587,5
John gave Bernard a hard,slap,SLAP,97,588,5
Michael knew they never,hit,HIT,168,1267,5
Youre getting up early in,the,THE,58,302,5
Billy wrote,on,ON,2,6,5
John gave,Bernard,BERNARD,97,585,5
He heaved his shoulders and swung the axe,again.,AGAIN,87,511,5
They stared,at,AT,175,1342,5
He rose from his seat and stopped,mid,MID,194,1572,5
After lunch he was,told,TOLD,59,307,5
None of the city people dress,like,LIKE,74,414,5
"Anthony was approached, just as he had predicted, in",the,THE,129,864,5
Alan told Jason he would just sit outside to have his,lunch.,LUNCH,169,1285,5
He didnt seem to mind,that,THAT,153,1103,5
There were choked screams and,shouts,SHOUTS,80,455,5
Sam,felt,FELT,42,202,5
A horse,has,HAS,13,50,5
The brothers stood up and came down,from,FROM,128,853,5
In the,morning,MORNING,162,1199,5
He went to the door and walked out of,the,THE,134,914,5
Gordon felt his,anger,ANGER,16,66,5
Dexter opened his letter,and,AND,104,643,5
You,shouldnt,SHOULDNT,149,1056,5
Jacques,sighed,SIGHED,124,811,5
One by one she placed her teeth about their necks and,killed,KILLED,192,1552,5
"The gathered villagers took a step back,",almost,ALMOST,144,1012,5
They turned round just as Frankie,walked,WALKED,108,677,5
We barely escaped with our,lives.,LIVES,32,148,5
He knocked on the door so hard that,he,HE,181,1417,5
He staggered into,the,THE,66,355,5
Ken just hoped he wasnt taking,his,HIS,136,931,5
From the moment,we,WE,180,1400,5
He was built with muscle,and,AND,158,1158,5
I know Richard drinks a little too,much,MUCH,203,1691,5
Despite,what,WHAT,130,866,5
Tommy came out of the,staff,STAFF,167,1257,5
While they sat drinking,their,THEIR,146,1029,5
He drove his truck home,and,AND,132,890,5
It is not the most fragrant of places,but,BUT,164,1227,5
You know better than to talk to your mother,like,LIKE,147,1044,5
Alan told Jason he would,just,JUST,169,1279,5
Ill give him more than,a,A,39,188,5
He sat down and began to eat,breakfast.,BREAKFAST,64,345,5
The prison guard walked,along,ALONG,56,289,5
I shall have a victory,and,AND,160,1180,5
Despite what Frank had told her Ellen thanked,the,THE,130,873,5
He was already up and dressed and invited us in for a,cup,CUP,202,1682,5
He,put,PUT,38,178,5
Anne,lost,LOST,1,1,5
The police officer got,out,OUT,198,1621,5
Underneath the,table,TABLE,109,681,5
He put his hands in his pockets and leaned against,the,THE,157,1152,5
Let,us,US,166,1242,5
You know that I will do whatever,you,YOU,148,1052,5
Tony,stopped,STOPPED,49,244,5
Brian sat down at an empty table and began to,eat,EAT,191,1539,5
Brian sat down at an,empty,EMPTY,191,1534,5
Bruce is looking for someone to take the spare room in his,flat.,FLAT,179,1397,5
In the morning,at,AT,162,1200,5
Finally Maria sat down with a cup of tea,and,AND,152,1096,5
He had,another,ANOTHER,156,1133,5
From the moment we leave,this,THIS,180,1402,5
Despite what Frank had,told,TOLD,130,869,5
He smiled when,she,SHE,92,546,5
Thomas stepped back,and,AND,47,234,5
From the,moment,MOMENT,180,1399,5
All last week there was a,white,WHITE,151,1082,5
Hes got the ability to work but he just gets bored too,easy.,EASY,184,1457,5
I shall,have,HAVE,160,1177,5
He,rose,ROSE,194,1566,5
He smiled,again,AGAIN,183,1435,5
James was only in the cell for an hour but,it,IT,205,1722,5
It is not the most fragrant of,places,PLACES,164,1226,5
It,is,IS,95,568,5
Whether Peter,heard,HEARD,110,689,5
Underneath the table her,hand,HAND,109,683,5
Henry washed his hands and sat on the,seat,SEAT,197,1612,5
She wound up talking,to,TO,142,989,5
Tell me what really happened to the,truck.,TRUCK,78,443,5
He sat,his,HIS,195,1580,5
They stared at,the,THE,175,1343,5
He is after,glory,GLORY,88,514,5
His dark hair was just visible,under,UNDER,113,718,6
He called out but she did,not,NOT,63,337,6
Bruce is looking,for,FOR,179,1388,6
The,shout,SHOUT,193,1554,6
He,probably,PROBABLY,37,172,6
He sat down and,began,BEGAN,64,342,6
"Why dont you tell me what happened on Saturday,",step,STEP,177,1371,6
Follow me closely,and,AND,62,327,6
The gathered villagers took a step,"back,","BACK,",144,1011,6
Alan forgot to shave,again,AGAIN,35,163,6
"I am trying, old man, but I would",rather,RATHER,159,1172,6
I flung out my hands and they said,I,I,186,1477,6
He knocked on,the,THE,181,1412,6
Tommy came out of the staff room toilet looking a little,pale.,PALE,167,1263,6
"The van is your lead,",follow,FOLLOW,57,296,6
Emma put her mug of tea down,on,ON,178,1380,6
It had been two weeks since Philip had,been,BEEN,163,1216,6
Jake,smiled,SMILED,117,749,6
It is not the most,fragrant,FRAGRANT,164,1224,6
He sat his son up on,the,THE,195,1584,6
All last week,there,THERE,151,1079,6
He,staggered,STAGGERED,66,353,6
I cannot,tell,TELL,6,22,6
She turned and saw him standing,in,IN,107,669,6
Phil let,him,HIM,120,776,6
Follow me closely and watch for their,leader.,LEADER,62,331,6
Men could,be,BE,122,794,6
I know Richard drinks a little too much and has a,bit,BIT,203,1695,6
They say he can breathe fire and kill a,man,MAN,200,1652,6
I mostly just pick a dry white and drink it,to,TO,187,1491,6
She just kept telling herself he had,to,TO,141,982,6
He put the fork on the,table.,TABLE,38,183,6
He put his hands in,his,HIS,157,1147,6
Walter closed the,door,DOOR,70,383,6
It had been two weeks since Philip had been sent to,prison.,PRISON,163,1219,6
Christopher groaned and lay his hands across,his,HIS,102,630,6
Follow me closely and watch,for,FOR,62,329,6
Ill give him more,than,THAN,39,187,6
Brian sat down at,an,AN,191,1533,6
Finally,Maria,MARIA,152,1088,6
The,prison,PRISON,56,286,6
I cant see any amount of talk,getting,GETTING,185,1464,6
Let,us,US,69,374,6
Walter,closed,CLOSED,70,381,6
The police officer got out of,the,THE,198,1623,6
Let me through and youll hear,nothing,NOTHING,121,789,6
"I am trying, old man, but I would rather kill",the,THE,159,1174,6
"Jake smiled again at his baby daughter,",she,SHE,117,755,6
His,men,MEN,114,722,6
Phil let him go and,Charlie,CHARLIE,120,779,6
I,know,KNOW,203,1685,6
Edward washed his hands,and,AND,106,659,6
Sam felt,proud,PROUD,42,203,6
She threatened to,leave,LEAVE,171,1299,6
He put,the,THE,38,179,6
She threatened to leave before and this time she,just,JUST,171,1305,6
He lay his sword aside,and,AND,90,532,6
His dark hair was just,visible,VISIBLE,113,717,6
Come within the walls to,escape,ESCAPE,61,322,6
He is after glory,and,AND,88,515,6
Ian gave Geoffrey a hard slap across,his,HIS,116,746,6
"While they sat drinking their tea, Mick dug them a",trench.,TRENCH,146,1035,6
I wouldnt,want,WANT,25,110,6
Matthew stood against the,wall,WALL,139,959,6
Now the man is coming who will give,it,IT,170,1293,6
Jacques sighed and tried to move out,of,OF,124,817,6
I was thinking of,getting,GETTING,94,563,6
I know Richard drinks a little too much and has,a,A,203,1694,6
Looks like a walk did,the,THE,41,200,6
"Good God, if you are watching, give me",strength.,STRENGTH,86,503,6
Ken just hoped,he,HE,136,928,6
I do not spare the,birds,BIRDS,67,364,6
No-one else had dared step within the,ring.,RING,73,408,6
Simon nodded and walked into the,room.,ROOM,44,219,6
Turn your hearing aid,up.,UP,11,44,6
Alan forgot to,shave,SHAVE,35,162,6
Turn your hearing,aid,AID,11,43,6
He uses,his,HIS,20,85,6
The truck was an older version,of,OF,174,1335,6
He stayed,against,AGAINST,4,14,6
We shall arrive properly or you will never live,this,THIS,145,1024,6
His helmet was lost but he could still,do,DO,135,923,6
He heaved his shoulders and swung,the,THE,87,509,6
The first,knife,KNIFE,172,1309,6
Arthur placed the bars of chocolate,on,ON,96,581,6
He sat his son up on the table and laid his belt,beside,BESIDE,195,1590,6
Tony stopped off at his first,delivery.,DELIVERY,49,249,6
He sat down,and,AND,64,341,6
You know that I,will,WILL,148,1049,6
"It is a narrow ship,",much,MUCH,95,572,6
They stared at the black wall,and,AND,175,1346,6
Let us give battle to these foreign snakes once and,for,FOR,166,1251,6
Henry washed his hands and sat on,the,THE,197,1611,6
Michael knew they never hit him and that was half the,problem.,PROBLEM,168,1274,6
Gilbert sat as still as he could,nursing,NURSING,123,808,6
Christopher,groaned,GROANED,102,624,6
I do not spare the birds,a,A,67,365,6
James walked in to wake Samuel at,four,FOUR,165,1237,6
Brian sat down at an empty,table,TABLE,191,1535,6
Brian,sniffed,SNIFFED,119,766,6
He folded his arms,across,ACROSS,155,1124,6
"While they sat drinking their tea, Mick",dug,DUG,146,1032,6
The speaker turned to her with a smile and,a,A,199,1639,6
Andrew nodded and stood,against,AGAINST,40,193,6
Normally they want,to,TO,50,252,6
Bruce,is,IS,179,1386,6
A smile came to,his,HIS,150,1069,6
Alan told Jason,he,HE,169,1277,6
The speaker,turned,TURNED,199,1632,6
"Anthony was approached,",just,JUST,129,858,6
He called earlier and,I,I,131,879,6
Tell me what really happened,to,TO,78,441,6
Billy knocked on the door and waited till he,was,WAS,189,1514,6
Ross sat back,down,DOWN,27,121,6
His,helmet,HELMET,135,916,6
He,uses,USES,20,84,6
We should talk about the things people talk about,on,ON,176,1360,6
Steve sat,down,DOWN,45,221,6
He folded his,arms,ARMS,155,1123,6
Edward,washed,WASHED,106,656,6
Run along home now and bring us,some,SOME,140,972,6
You know,better,BETTER,147,1037,6
I know Richard drinks a little too much,and,AND,203,1692,6
A smile came to his lips as he,thought,THOUGHT,150,1073,6
Follow me closely and watch for,their,THEIR,62,330,6
I know Richard drinks a little too much and,has,HAS,203,1693,6
Now,the,THE,170,1286,6
Let us give battle to,these,THESE,166,1246,6
Albert spoke before,Barbara,BARBARA,60,313,6
Gilbert sat as still as he,could,COULD,123,807,6
The shout caught him off,guard,GUARD,193,1558,6
Now the,man,MAN,170,1287,6
He just wished he could talk,to,TO,89,525,6
The,first,FIRST,172,1308,6
He called earlier and I already arranged to go,swimming,SWIMMING,131,884,6
He lay his sword aside and,extended,EXTENDED,90,533,6
She was smiling in the,"dark,","DARK,",76,427,6
They were definitely holding hands,underneath,UNDERNEATH,82,469,6
The,door,DOOR,79,444,6
The bored looking soldier continued,looking,LOOKING,54,278,6
Andrew,nodded,NODDED,40,190,6
Ken just hoped he wasnt taking his temper out,on,ON,136,934,6
"Anthony was approached, just as he had predicted,",in,IN,129,863,6
Let us give battle to these foreign snakes once and for,all.,ALL,166,1252,6
In the morning Mickey stood,straight,STRAIGHT,161,1191,6
Finally Maria sat down with a cup of,tea,TEA,152,1095,6
She just kept telling herself he had to learn a,lesson.,LESSON,141,985,6
If I have time at the,end,END,196,1597,6
From the moment we leave this spot be,very,VERY,180,1405,6
He just wished he,could,COULD,89,523,6
He,slammed,SLAMMED,65,346,6
Alan told Jason he would just sit outside to have,his,HIS,169,1284,6
I,wouldnt,WOULDNT,25,109,6
"Why dont you tell me what happened on Saturday, step by",step.,STEP,177,1373,6
There will,be,BE,81,459,6
Ken just hoped he wasnt taking his temper out on,Chris.,CHRIS,136,935,6
Billy knocked on the door and waited till he was told to,enter.,ENTER,189,1517,6
They turned,round,ROUND,108,673,6
Powerful in the wrong,"hands,","HANDS,",51,259,6
He didnt seem to mind that she was screaming in his,ear.,EAR,153,1109,6
Ted smiled and bit his bottom,lip.,LIP,46,231,6
Sam felt proud when he went,home.,HOME,42,207,6
If this were a movie instead of a book this,would,WOULD,204,1708,6
Bob sat at the entrance to,the,THE,190,1523,6
Alan told Jason he,would,WOULD,169,1278,6
Christopher groaned and lay his,hands,HANDS,102,628,6
They,were,WERE,82,465,6
Normally they want to cut things,up.,UP,50,255,6
He held his mother tight and she cried into his,chest.,CHEST,133,905,6
Tommy,came,CAME,167,1253,6
Weve been travelling almost,three,THREE,33,152,6
It,had,HAD,163,1209,6
She would soon be,found,FOUND,127,841,6
He was already up and dressed and invited us in for a cup of,tea.,TEA,202,1684,6
In the morning at breakfast Mike smiled,at,AT,162,1204,6
She would,soon,SOON,127,839,6
He shouted and the,calling,CALLING,19,82,6
Lets get out and Ill buy you,a,A,98,598,6
He let Donald go and he fell to,the,THE,182,1429,6
Bruce is looking for someone to take the spare,room,ROOM,179,1394,6
Now the man is coming who,will,WILL,170,1291,6
Lets have the gates,closed,CLOSED,99,603,6
Emma put her mug of tea down on,the,THE,178,1381,6
His men will not follow him and they are,few.,FEW,114,730,6
We shall arrive properly or you will never,live,LIVE,145,1023,6
Let us leave these poor,people,PEOPLE,69,378,6
After,lunch,LUNCH,59,304,6
I flung out my hands,and,AND,186,1474,6
The truck was an older version of the ones the others,drove.,DROVE,174,1340,6
He probably doesnt want people to,know.,KNOW,37,177,6
Have,a,A,36,166,6
He didnt seem to mind that she was screaming in,his,HIS,153,1108,6
She had refused,to,TO,52,264,6
There,were,WERE,80,451,6
I flung out my hands and they said I had,broken,BROKEN,186,1479,6
Now the man is coming who will give it back,to,TO,170,1295,6
James was only in the cell for an,hour,HOUR,205,1720,6
Duncan took a breath and wanted,to,TO,105,653,6
Edward washed,his,HIS,106,657,6
James was only in the cell for an hour,but,BUT,205,1721,6
"The gate was double, one huge mass of wood following",another.,ANOTHER,143,1005,6
There will be men to,kill,KILL,81,462,6
He knocked on the door so hard that he almost broke,it,IT,181,1420,6
She wound up talking to Barry about her,time,TIME,142,993,6
Weve been,travelling,TRAVELLING,33,150,6
He drank too much at times and washed too little at,times.,TIMES,154,1120,6
We should talk about the things people talk about on first,dates.,DATES,176,1362,6
William,sat,SAT,71,388,6
Hes,broken,BROKEN,21,89,6
He called earlier and I already arranged to go swimming,tomorrow.,TOMORROW,131,885,6
She just kept telling herself,he,HE,141,980,6
"Good God, if",you,YOU,86,498,6
He smiled again and felt,like,LIKE,183,1438,6
From,the,THE,180,1398,6
He,shouted,SHOUTED,19,79,6
His dark hair was just visible under his,white,WHITE,113,720,6
All the bowls from the empty tables are,cleared,CLEARED,112,711,6
We should talk about the things people talk,about,ABOUT,176,1359,7
While they sat,drinking,DRINKING,146,1028,7
You know that I will do,whatever,WHATEVER,148,1051,7
He knocked on the door so,hard,HARD,181,1415,7
"Burn him now, dont wait for",him,HIM,84,485,7
The first knife caught,in,IN,172,1311,7
This mans,hair,HAIR,10,38,7
If this were a,movie,MOVIE,204,1702,7
He called earlier and I already,arranged,ARRANGED,131,881,7
The truck was an older version of,the,THE,174,1336,7
The campaign will pay,for,FOR,30,137,7
He called out,but,BUT,63,334,7
The brothers stood up,and,AND,128,850,7
Billy knocked on the door and waited,till,TILL,189,1512,7
You know better than to,talk,TALK,147,1040,7
He came back to his senses when,he,HE,201,1663,7
"Burn him now, dont wait for him",to,TO,84,486,7
The dead must not kill,the,THE,55,284,7
Tony stopped,off,OFF,49,245,7
The dead must,not,NOT,55,282,7
Duncan took a breath and,wanted,WANTED,105,652,7
Come within the walls,to,TO,61,321,7
She just kept telling,herself,HERSELF,141,979,7
Lets have the,gates,GATES,99,602,7
He went to the door and,walked,WALKED,134,911,7
He had another shock when they told,him,HIM,156,1138,7
The door was opened and Alexander,walked,WALKED,79,449,7
His dark hair was just visible under his white,hat.,HAT,113,721,7
Theyre riding,out,OUT,31,140,7
Hes got the ability to work,but,BUT,184,1451,7
James walked in to wake Samuel at four thirty in the,morning.,MORNING,165,1241,7
She,wound,WOUND,142,986,7
He drove his truck home and walked down,to,TO,132,893,7
He needed putting in his,place.,PLACE,18,78,7
The brothers,stood,STOOD,128,848,7
Bob sat at the entrance to the warehouse and made up,a,A,190,1528,7
Gilbert sat as still as he could nursing,his,HIS,123,809,7
We shall arrive properly or you,will,WILL,145,1021,7
Shut your smart foul mouth,and,AND,77,434,7
Gilbert sat as still,as,AS,123,805,7
Bob sat at,the,THE,190,1520,7
His men,will,WILL,114,723,7
Matthew stood against the wall with his hands,behind,BEHIND,139,963,7
You shouldnt have been racing my truck,in,IN,149,1062,7
He let Donald go and he fell to the,floor,FLOOR,182,1430,7
None of the city,people,PEOPLE,74,412,7
Alan forgot to shave again,this,THIS,35,164,7
I,dont,DONT,23,99,7
The,gathered,GATHERED,144,1006,7
He probably,doesnt,DOESNT,37,173,7
Brian sniffed and wiped his grubby,hand,HAND,119,771,7
He staggered,into,INTO,66,354,7
Phil let him,go,GO,120,777,7
I flung out my,hands,HANDS,186,1473,7
John gave Bernard a,hard,HARD,97,587,7
Let me through and youll hear nothing,more,MORE,121,790,7
I,cannot,CANNOT,6,21,7
"Good God,",if,IF,86,497,7
I dont want to,hear,HEAR,23,102,7
After lunch he was told he,had,HAD,59,309,7
He sat his son up on the table and laid his,belt,BELT,195,1589,7
Matthew stood against,the,THE,139,958,7
You shouldnt have been racing my truck in,the,THE,149,1063,7
Michael gave Adam two,pounds.,POUNDS,7,28,7
She was smiling,in,IN,76,425,7
All the bowls from the empty tables,are,ARE,112,710,7
Claudia,still,STILL,83,472,7
Joseph walked into the office and,removed,REMOVED,126,834,7
Let us,give,GIVE,166,1243,7
The bored,looking,LOOKING,29,130,7
He slammed,the,THE,65,347,7
Men could be paid to do all sorts of,things.,THINGS,122,801,7
The last thing Alex felt like doing after work was,more,MORE,173,1328,7
Andy felt good when he got ready to go,out,OUT,188,1502,7
He called out but she did not,move.,MOVE,63,338,7
In the morning Mickey stood straight with his hand,behind,BEHIND,161,1195,7
He didnt seem to mind that,she,SHE,153,1104,7
Ill,give,GIVE,39,184,7
He slammed the knife,down,DOWN,65,349,7
The brothers stood up and,came,CAME,128,851,7
Claudia still teaches and still claims to hate,it.,IT,83,479,7
Alec stood,against,AGAINST,72,396,7
Despite what Frank,had,HAD,130,868,7
Let me through and,youll,YOULL,121,787,7
Hes got the ability to work but he just,gets,GETS,184,1454,7
"Jake smiled again at his baby daughter, she",was,WAS,117,756,7
It,is,IS,164,1220,7
They turned round just as,Frankie,FRANKIE,108,676,7
Emma,put,PUT,178,1374,7
Dave kicked him in the stomach and Paul,groaned.,GROANED,103,639,7
Ill break your neck if you dont fix that,water.,WATER,115,739,7
I know Richard,drinks,DRINKS,203,1687,7
Bruce is looking for someone to take,the,THE,179,1392,7
They say he can breathe fire and kill a man with a,single,SINGLE,200,1655,7
You shouldnt have been racing my truck in the,first,FIRST,149,1064,7
Steve sat down,to,TO,45,222,7
Youre getting up early in the,morning.,MORNING,58,303,7
Brian sat down at an empty table,and,AND,191,1536,7
Despite what Frank had told her Ellen thanked the,young,YOUNG,130,874,7
He drank too much at times and washed too,little,LITTLE,154,1118,7
Michael knew they never hit him and,that,THAT,168,1270,7
He,didnt,DIDNT,153,1099,7
They say he can breathe fire and kill,a,A,200,1651,7
Ted smiled,and,AND,46,227,7
I know Richard drinks a,little,LITTLE,203,1689,7
He staggered into the chair,at,AT,66,357,7
Normally,they,THEY,50,250,7
Things were looking,up,UP,9,35,7
The dead must not kill the,living.,LIVING,55,285,7
Despite what,Frank,FRANK,130,867,7
He came back,to,TO,201,1659,7
Ross sat,back,BACK,27,120,7
She,had,HAD,52,262,7
Claudia still teaches,and,AND,83,474,7
It is,not,NOT,164,1221,7
Let us leave these poor people,in,IN,69,379,7
Lawrence rubbed the back of his,neck,NECK,137,941,7
William sat down and tucked into,his,HIS,71,393,7
She was smiling in,the,THE,76,426,7
I flung out,my,MY,186,1472,7
Lewis sat down and Lucy,laid,LAID,138,950,7
All,the,THE,112,704,7
The bored looking soldier,continued,CONTINUED,54,277,7
Michael knew they,never,NEVER,168,1266,7
You know better than to talk to,your,YOUR,147,1042,7
Helen ran to the,toilet.,TOILET,5,20,7
She,saw,SAW,75,416,7
She wound,up,UP,142,987,7
Phil let him go,and,AND,120,778,7
He had another shock when they told him he was,moving,MOVING,156,1141,7
"Powerful in the wrong hands,",is,IS,51,260,7
He came back to his senses when he heard his,dad,DAD,201,1666,7
Burn him,"now,","NOW,",84,481,7
I,knew,KNEW,24,104,7
I knew,I,I,24,105,7
Alice is looking for,somewhere,SOMEWHERE,34,157,7
James walked in to wake Samuel at four thirty in,the,THE,165,1240,7
Alan,forgot,FORGOT,35,160,7
The police officer got out of the van and picked up,the,THE,198,1628,7
He rose,from,FROM,194,1567,7
Lewis sat,down,DOWN,138,947,7
They were definitely holding hands underneath,the,THE,82,470,7
Andrew closed the office door on the way,out.,OUT,100,615,7
Andrew closed the office door,on,ON,100,612,7
He was leaning against his truck,smoking,SMOKING,93,557,7
Roger smiled and sat,down.,DOWN,8,32,7
James was only in,the,THE,205,1716,7
Lawrence rubbed the,back,BACK,137,938,7
I mostly,just,JUST,187,1483,7
Lawrence rubbed the back,of,OF,137,939,7
Dexter opened his letter and found a photograph,inside.,INSIDE,104,647,7
None of the city people dress like,that.,THAT,74,415,7
Brian sniffed and,wiped,WIPED,119,768,7
No-one else had dared,step,STEP,73,405,7
He heaved his shoulders and,swung,SWUNG,87,508,7
You know better than to talk,to,TO,147,1041,7
I mostly just pick a dry white,and,AND,187,1488,7
He was built with,muscle,MUSCLE,158,1157,7
It had been two weeks since Philip had been sent,to,TO,163,1218,7
Follow,me,ME,62,325,7
The truck was an older version of the,ones,ONES,174,1337,7
Men could be paid to do all,sorts,SORTS,122,799,7
He knocked on the door so hard,that,THAT,181,1416,7
Jacques sighed and tried to,move,MOVE,124,815,7
She wound up talking to Barry about her time in,India.,INDIA,142,995,7
She wound up talking to Barry about her time,in,IN,142,994,7
Underneath the table her hand was,gripping,GRIPPING,109,685,7
Thomas,stepped,STEPPED,47,232,7
Scott got up and washed his,plate.,PLATE,43,213,7
He sat his son,up,UP,195,1582,7
Andrew closed the office door on,the,THE,100,613,7
Why dont you tell me,what,WHAT,177,1367,7
He put,his,HIS,157,1144,7
Andrew,closed,CLOSED,100,608,7
Billy wrote on,the,THE,2,7,7
Tell me what really happened to,the,THE,78,442,7
Finally Maria sat down,with,WITH,152,1091,7
He came back to his senses when he,heard,HEARD,201,1664,7
Henry,washed,WASHED,197,1605,7
He was built,with,WITH,158,1156,7
Youll demand,nothing,NOTHING,12,46,7
In the morning at breakfast Mike smiled at the letter he,received.,RECEIVED,162,1208,7
He knocked on the door,so,SO,181,1414,7
His men will not,follow,FOLLOW,114,725,7
He,let,LET,182,1422,7
She was,smiling,SMILING,76,424,7
Run along home now and bring us some men,to,TO,140,974,7
"It is a narrow ship, much",like,LIKE,95,573,7
He,drank,DRANK,154,1110,7
He was leaning,against,AGAINST,93,554,7
Lets get out,and,AND,98,594,7
She saw the throwing knife in,his,HIS,75,421,7
Alan forgot to shave again this,morning.,MORNING,35,165,7
We barely,escaped,ESCAPED,32,145,7
The last thing Alex felt like,doing,DOING,173,1324,7
Dave,kicked,KICKED,103,632,7
He held his mother tight and,she,SHE,133,901,7
Shut your smart foul,mouth,MOUTH,77,433,7
The truck was an older version of the ones the,others,OTHERS,174,1339,7
A horse has thrown,a,A,13,52,7
He slammed the,knife,KNIFE,65,348,7
He folded,his,HIS,155,1122,7
Lewis,sat,SAT,138,946,7
The speaker turned to her with a smile and a,bow,BOW,199,1640,7
He drank too much at times and washed,too,TOO,154,1117,7
She,would,WOULD,127,838,7
He uses his,belt,BELT,20,86,7
He called out but she,did,DID,63,336,7
The last,thing,THING,173,1320,7
Come within,the,THE,61,319,7
He knocked on the,door,DOOR,181,1413,7
His men will,not,NOT,114,724,7
"Burn him now, dont",wait,WAIT,84,483,7
He was built with muscle and liked to throw his,weight,WEIGHT,158,1163,7
While they sat drinking their,"tea,","TEA,",146,1030,7
Men could be,paid,PAID,122,795,7
Hes got the ability,to,TO,184,1449,8
Bob sat at the entrance,to,TO,190,1522,8
A smile came to his,lips,LIPS,150,1070,8
Duncan took,a,A,105,649,8
Alan,told,TOLD,169,1275,8
Ill break your neck if you,dont,DONT,115,736,8
He put his hands,in,IN,157,1146,8
Lewis sat down,and,AND,138,948,8
Alec stood against the,wall,WALL,72,398,8
Follow me closely and,watch,WATCH,62,328,8
Normally they want to cut,things,THINGS,50,254,8
Tommy came out of the staff room toilet looking,a,A,167,1261,8
Theyre riding out to,meet,MEET,31,142,8
She threatened to leave before and this,time,TIME,171,1303,8
He drove his truck home and,walked,WALKED,132,891,8
"Anthony was approached, just as he had predicted, in the",park.,PARK,129,865,8
Why dont you tell me what happened,on,ON,177,1369,8
Brian,sat,SAT,191,1530,8
Whether Peter heard,him,HIM,110,690,8
They turned round just as Frankie walked,toward,TOWARD,108,678,8
If this were a movie instead of a book this would be a good,bit.,BIT,204,1712,8
Anthony was,"approached,","APPROACHED,",129,857,8
Whether Peter heard him or not Gabriel,didnt,DIDNT,110,694,8
She saw the throwing,knife,KNIFE,75,419,8
The first knife caught in her,skirt,SKIRT,172,1313,8
Gilbert sat,as,AS,123,803,8
Andy felt good when he got ready to go out on,Saturday,SATURDAY,188,1504,8
You give me a lead,and,AND,111,700,8
I think,our,OUR,68,368,8
Thomas stepped back and,shook,SHOOK,47,235,8
Ken just hoped he,wasnt,WASNT,136,929,8
I wouldnt want to,miss,MISS,25,112,8
Michael knew they never hit him and that was half,the,THE,168,1273,8
He rose from his seat and stopped mid way when Joe glared,at,AT,194,1577,8
She turned,and,AND,107,665,8
He put the,fork,FORK,38,180,8
Powerful in the,wrong,WRONG,51,258,8
She hid,the,THE,53,269,8
I shall have,a,A,160,1178,8
Ted smiled and bit,his,HIS,46,229,8
I was thinking of getting the,band,BAND,94,565,8
Andy felt good when he,got,GOT,188,1498,8
Andy felt good when he got ready to go out,on,ON,188,1503,8
Come within the walls to escape the,enemy.,ENEMY,61,324,8
He called earlier and I,already,ALREADY,131,880,8
Edward washed his hands and,flicked,FLICKED,106,660,8
Billy wrote on the,envelope.,ENVELOPE,2,8,8
James was only in the cell for,an,AN,205,1719,8
She turned and saw,him,HIM,107,667,8
I mostly just pick a dry,white,WHITE,187,1487,8
He didnt,seem,SEEM,153,1100,8
I was,thinking,THINKING,94,561,8
"The gate was double, one huge",mass,MASS,143,1001,8
His dark hair was just visible under,his,HIS,113,719,8
I mostly just pick a dry white and,drink,DRINK,187,1489,8
Duncan took a breath and wanted to be,sick.,SICK,105,655,8
Billy,wrote,WROTE,2,5,8
Tom stood,up,UP,48,239,8
The speaker turned to her with a,smile,SMILE,199,1637,8
The door was opened and,Alexander,ALEXANDER,79,448,8
Youre getting,up,UP,58,299,8
I wouldnt want to miss,this.,THIS,25,113,8
You,give,GIVE,111,696,8
She would soon be found if she tried,to,TO,127,845,8
I do not,spare,SPARE,67,362,8
A smile came to his lips,as,AS,150,1071,8
He called earlier and I already arranged to,go,GO,131,883,8
Alice is looking,for,FOR,34,156,8
I cant see any amount of talk getting,you,YOU,185,1465,8
Come,within,WITHIN,61,318,8
Jacques sighed and tried to move out of,the,THE,124,818,8
Let me through,and,AND,121,786,8
He is after glory and,heads,HEADS,88,516,8
Tom stood up and wiped,his,HIS,48,242,8
Joseph walked into the office,and,AND,126,833,8
Tommy came,out,OUT,167,1254,8
I cant see any amount of,talk,TALK,185,1463,8
"The gate was double, one",huge,HUGE,143,1000,8
I know Richard drinks a little too much and has a bit of a,temper.,TEMPER,203,1698,8
The shout caught him off guard and,he,HE,193,1560,8
Steve sat down to,eat,EAT,45,223,8
Joseph walked,into,INTO,126,830,8
Lewis sat down and Lucy laid her hand,on,ON,138,953,8
Matthew,stood,STOOD,139,956,8
He put the fork on,the,THE,38,182,8
Walter closed the door,and,AND,70,384,8
We shall arrive properly or,you,YOU,145,1020,8
He didnt seem to mind that she,was,WAS,153,1105,8
The prison guard walked along the,row.,ROW,56,291,8
Jamie took a cigarette and Andy,gave,GAVE,125,825,8
He smiled again and felt like a man,and,AND,183,1441,8
We barely escaped with,our,OUR,32,147,8
James walked,in,IN,165,1232,8
Lawrence rubbed the back of his neck and hung his,head.,HEAD,137,945,8
Ian gave Geoffrey a hard slap,across,ACROSS,116,745,8
He came back to his senses when he heard his dad,stand,STAND,201,1667,8
Looks like,a,A,41,197,8
The bored,looking,LOOKING,54,275,8
Christopher groaned,and,AND,102,625,8
She turned and,saw,SAW,107,666,8
He slammed the knife down on,the,THE,65,351,8
In the morning Mickey stood straight with his hand behind,his,HIS,161,1196,8
The prison,guard,GUARD,56,287,8
In the morning Mickey stood straight with,his,HIS,161,1193,8
I know Richard drinks a little too much and has a bit,of,OF,203,1696,8
They say he can breathe fire,and,AND,200,1649,8
Run along home now and bring,us,US,140,971,8
"Burn him now, dont wait",for,FOR,84,484,8
He came back to his senses when he heard,his,HIS,201,1665,8
James was only in the cell for an hour but it felt like,a,A,205,1725,8
Simon nodded and walked,into,INTO,44,217,8
Theyre riding out,to,TO,31,141,8
It had,been,BEEN,163,1210,8
She would soon be found if she,tried,TRIED,127,844,8
Hes broken his wrists,very,VERY,21,92,8
Duncan,took,TOOK,105,648,8
He rose from his seat and stopped mid way when Joe glared at,him.,HIM,194,1578,8
He sat down and began to,eat,EAT,64,344,8
He shouted,and,AND,19,80,8
I think our friends demands,are,ARE,68,371,8
The,campaign,CAMPAIGN,30,134,8
We should talk about,the,THE,176,1355,8
"While they sat drinking their tea, Mick dug them",a,A,146,1034,8
He,drove,DROVE,132,886,8
He was already up and dressed and,invited,INVITED,202,1677,8
He knocked on the door so hard that he,almost,ALMOST,181,1418,8
Youll,demand,DEMAND,12,45,8
I was thinking of getting the band together,again.,AGAIN,94,567,8
Michael,knew,KNEW,168,1264,8
In the morning at breakfast Mike smiled at,the,THE,162,1205,8
After lunch he was told,he,HE,59,308,8
It is,a,A,95,569,8
He had another shock when,they,THEY,156,1136,8
He let Donald go,and,AND,182,1425,8
Ian gave Geoffrey a hard,slap,SLAP,116,744,8
You shouldnt,have,HAVE,149,1057,8
A horse has thrown a,shoe.,SHOE,13,53,8
If this were a movie instead,of,OF,204,1704,8
Ross sat back down,and,AND,27,122,8
Henry washed his hands and sat on the seat in front,of,OF,197,1615,8
All last week there was,a,A,151,1081,8
This mans hair is,black.,BLACK,10,40,8
Andy felt good when he got,ready,READY,188,1499,8
I think our friends demands are,well,WELL,68,372,8
Bruce is looking for someone to take the spare room,in,IN,179,1395,8
Brian sniffed and wiped his grubby hand across his,nose.,NOSE,119,774,8
His dark hair was,just,JUST,113,716,8
Andy felt good,when,WHEN,188,1496,8
Jamie took a cigarette and Andy gave him a,light.,LIGHT,125,828,8
Come within the,walls,WALLS,61,320,8
Brian sat down at an empty table and began,to,TO,191,1538,8
His helmet was lost but,he,HE,135,920,8
The gathered villagers,took,TOOK,144,1008,8
I am touched deeply,in,IN,22,97,8
The police officer got out of the,van,VAN,198,1624,8
They say he can breathe fire and kill a man,with,WITH,200,1653,8
Albert spoke before Barbara,had,HAD,60,314,8
Dont die of cold before you die in,battle.,BATTLE,85,495,8
Tell me what,really,REALLY,78,439,8
I cannot tell,you,YOU,6,23,8
We,shall,SHALL,145,1016,8
Bruce is looking for someone to take the spare room in,his,HIS,179,1396,8
I mostly just pick a,dry,DRY,187,1486,8
If,this,THIS,204,1699,8
We should talk about the,things,THINGS,176,1356,8
Duncan took a breath and wanted to,be,BE,105,654,8
The speaker turned to her with a smile and a bow of his,head.,HEAD,199,1643,8
Jimmy liked the fact,they,THEY,118,761,8
Harry smiled at his,little,LITTLE,17,72,8
Jimmy,liked,LIKED,118,758,8
The speaker turned to her with a smile and a bow of,his,HIS,199,1642,8
He slammed the knife down,on,ON,65,350,8
Youll demand nothing of,me.,ME,12,48,8
He held,his,HIS,133,897,8
In the morning,Mickey,MICKEY,161,1189,8
Ken just hoped he wasnt taking his,temper,TEMPER,136,932,8
One by one she placed,her,HER,192,1546,8
The police officer got out,of,OF,198,1622,8
Let us give battle,to,TO,166,1245,8
Billy knocked on,the,THE,189,1508,8
All last,week,WEEK,151,1078,8
Andrew closed the office,door,DOOR,100,611,8
Let us,leave,LEAVE,69,375,8
He came back to his senses,when,WHEN,201,1662,8
Theyre,riding,RIDING,31,139,8
I think our friends demands are well,justified.,JUSTIFIED,68,373,8
We should talk about the things,people,PEOPLE,176,1357,8
He was already up and dressed and invited us in for a cup,of,OF,202,1683,8
He folded his arms across his chest and,put,PUT,155,1128,8
They were definitely holding,hands,HANDS,82,468,8
James was only,in,IN,205,1715,8
You shouldnt have been racing my truck in the first,place.,PLACE,149,1065,8
She couldnt help,feel,FEEL,28,126,8
Alan told Jason he would just sit outside,to,TO,169,1282,8
After lunch he was told he had,visitors.,VISITORS,59,310,8
Andy,felt,FELT,188,1494,8
Ken just hoped he wasnt taking his temper,out,OUT,136,933,8
They turned round just as Frankie walked toward,them.,THEM,108,679,8
His men will not follow him and,they,THEY,114,728,8
"Burn him now, dont wait for him to",escape.,ESCAPE,84,487,8
"I am trying, old man, but I",would,WOULD,159,1171,8
James was only in the cell for an hour but it felt,like,LIKE,205,1724,8
He,went,WENT,134,906,8
She had refused to leave her,home.,HOME,52,267,8
Christopher groaned and lay,his,HIS,102,627,8
Alan told Jason he would just sit,outside,OUTSIDE,169,1281,8
Run along home now and bring us some,men,MEN,140,973,8
He was built with muscle and liked,to,TO,158,1160,8
Jack,walked,WALKED,26,114,8
Run along home now and bring us some men to,kill.,KILL,140,975,8
All last week there was a white van parked,across,ACROSS,151,1085,8
He was already up and dressed,and,AND,202,1676,8
She threatened to leave before and,this,THIS,171,1302,8
