stimulus,constituent_1,constituent_2,list_id
事物本质,,本质,0
亚洲纪录,亚洲,纪录,0
历史纪录,历史,纪录,0
孩提时代,孩提,时代,0
师范大学,师范,大学,0
气闸,气,闸,0
电闸,电,闸,0
界线,界,线,0
船闸,船,闸,0
茶会,茶,会,0
评剧团,评剧,团,0
金融资产,金融,资产,0
铁闸,铁,闸,0
食管癌,食管,癌,0
专利技术,专利,技术,1
人心,人,心,1
保险行业,保险,行业,1
内阁会议,内阁,会议,1
功夫茶,功夫,茶,1
商品价格,商品,价格,1
图章,图,章,1
土壤湿度,土壤,湿度,1
声色,声,色,1
学术会议,学术,会议,1
小学校长,小学,校长,1
手工,手,工,1
手艺人,手艺,人,1
技术理性,技术,理性,1
歌魂,歌,魂,1
水膜,水,膜,1
灯泡,灯,泡,1
灾情,灾,情,1
生活空间,生活,空间,1
皮艇,皮,艇,1
科技知识,科技,知识,1
财政部门,财政,部门,1
铁牌,铁,牌,1
雨量,雨,量,1
风灾,风,灾,1
中文名称,中文,名称,2
书本,书,本,2
书桌,书,桌,2
人才资源,人才,资源,2
卡车司机,卡车,司机,2
品牌效应,品牌,效应,2
商品目录,商品,目录,2
基层工作,基层,工作,2
战略要地,战略,要地,2
民生问题,民生,问题,2
油菜,油,菜,2
漫画书,漫画,书,2
电报,电,报,2
矿产资源,矿产,资源,2
粉刺,粉,刺,2
细菌武器,细菌,武器,2
经济特区,经济,特区,2
网络书店,网络,书店,2
美国股市,美国,股市,2
职工福利,职工,福利,2
股权结构,股权,结构,2
贸易市场,贸易,市场,2
酒会,酒,会,2
金融部门,金融,部门,2
面包店,面包,店,2
专题讲座,专题,讲座,3
事业心,事业,心,3
党心,党,心,3
党派,党,派,3
后代,后,代,3
哲学理论,哲学,理论,3
地理位置,地理,位置,3
太极图,太极,图,3
工业用地,工业,用地,3
工作作风,工作,作风,3
幕后,幕,后,3
店铺,店,铺,3
情报人员,情报,人员,3
教学情况,教学,情况,3
教学服务,教学,服务,3
时代精神,时代,精神,3
木工机械,木工,机械,3
水库,水,库,3
粮票,粮,票,3
纸伞,纸,伞,3
舞蹈团,舞蹈,团,3
船舱,船,舱,3
艺术剧院,艺术,剧院,3
西风,西,风,3
陶瓷制品,陶瓷,制品,3
专题报告,专题,报告,4
内部事务,内部,事务,4
内部结构,内部,结构,4
化学材料,化学,材料,4
商业秘密,商业,秘密,4
园林城市,园林,城市,4
坟墓,坟,墓,4
天文数字,天文,数字,4
娱乐节目,娱乐,节目,4
山顶,山,顶,4
心理素质,心理,素质,4
手机游戏,手机,游戏,4
教派,教,派,4
星云,星,云,4
标语牌,标语,牌,4
民间文艺,民间,文艺,4
生物医学,生物,医学,4
眼力,眼,力,4
科技人才,科技,人才,4
税务系统,税务,系统,4
笔墨,笔,墨,4
艺术总监,艺术,总监,4
行业标准,行业,标准,4
资产阶级,资产,阶级,4
鱼缸,鱼,缸,4
中外记者,,记者,5
会议主题,会议,主题,5
内外,内,外,5
化学物质,化学,物质,5
区域规划,区域,规划,5
卫生领域,卫生,领域,5
历史事实,历史,事实,5
后年,后,年,5
品德教育,品德,教育,5
左侧,左,侧,5
幕府将军,幕府,将军,5
心弦,心,弦,5
手枪,手,枪,5
概念车,概念,车,5
橄榄球,橄榄,球,5
电厂,电,厂,5
系列讲座,系列,讲座,5
网络软件,网络,软件,5
肠道,肠,道,5
脚步声,脚步,声,5
艺术影院,艺术,影院,5
边防支队,边防,支队,5
铁锈,铁,锈,5
集体土地,集体,土地,5
面团,面,团,5
主权国家,主权,国家,6
乒乓外交,乒乓,外交,6
价格指数,价格,指数,6
公权力,,权力,6
声波,声,波,6
少林功夫,少林,功夫,6
市场机制,市场,机制,6
底部,底,部,6
形象大使,形象,大使,6
戏曲,戏,曲,6
时代特征,时代,特征,6
本位主义,本位,主义,6
泥水,泥,水,6
淋巴癌,淋巴,癌,6
生态农业,生态,农业,6
电力工程,电力,工程,6
电梯门,电梯,门,6
石油工业,石油,工业,6
科技含量,科技,含量,6
能源技术,能源,技术,6
脚本,脚,本,6
苹果树,苹果,树,6
蝴蝶效应,蝴蝶,效应,6
金融市场,金融,市场,6
铁牛,铁,牛,6
中央委员,中央,委员,7
书包,书,包,7
人像,人,像,7
人间烟火,人间,烟火,7
光环,光,环,7
军事力量,军事,力量,7
农村面貌,农村,面貌,7
前人,前,人,7
名家书画,名家,书画,7
商品质量,商品,质量,7
土著居民,土著,居民,7
学部委员,学部,委员,7
心神,心,神,7
技术规程,技术,规程,7
政界人士,政界,人士,7
水气,水,气,7
油水,油,水,7
火车票,火车,票,7
癌症病人,癌症,病人,7
笔调,笔,调,7
绿色通道,绿色,通道,7
脚掌,,掌,7
草稿纸,草稿,纸,7
行为准则,行为,准则,7
词类,词,类,7
专栏作家,专栏,作家,8
书画作品,书画,作品,8
产品包装,产品,包装,8
内幕,内,幕,8
内科医生,内科,医生,8
后天,后,天,8
商业部长,商业,部长,8
垃圾桶,垃圾,桶,8
城市居民,城市,居民,8
宗教信仰,宗教,信仰,8
工程车,工程,车,8
技术规范,技术,规范,8
楼房,楼,房,8
民间艺术,民间,艺术,8
气候系统,气候,系统,8
煤矿,煤,矿,8
生活圈,生活,圈,8
神气,神,气,8
纸浆,纸,浆,8
股份公司,股份,公司,8
英语老师,英语,老师,8
责任意识,责任,意识,8
车间主任,车间,主任,8
钢铁长城,钢铁,长城,8
铅笔,,笔,8
个人信用,个人,信用,9
全局观念,全局,观念,9
公司总部,公司,总部,9
冰灾,冰,灾,9
动物模型,动物,模型,9
合同书,,书,9
喜剧色彩,喜剧,色彩,9
地铁站,地铁,站,9
外交政策,外交,政策,9
局部地区,局部,地区,9
拳头产品,拳头,产品,9
数码照片,数码,照片,9
比赛项目,比赛,项目,9
渔业资源,渔业,资源,9
牛肉,牛,肉,9
稻草人,稻草,人,9
草纸,草,纸,9
行为能力,行为,能力,9
西北,西,北,9
门市,门,市,9
雨雪,雨,雪,9
首脑会议,首脑,会议,9
鱼虫,鱼,虫,9
黄金饰品,黄金,饰品,9
债券市场,债券,市场,10
兴趣小组,兴趣,小组,10
内科,内,科,10
军队院校,军队,院校,10
国民素质,国民,素质,10
国脚,国,脚,10
塑料制品,塑料,制品,10
居民家庭,居民,家庭,10
心路,心,路,10
性能参数,性能,参数,10
数字证书,数字,证书,10
数据模型,数据,模型,10
权威部门,权威,部门,10
树皮,树,皮,10
校园环境,,环境,10
步调,步,调,10
版图,版,图,10
电子设备,电子,设备,10
眼角,眼,角,10
社区卫生,社区,卫生,10
空间结构,空间,结构,10
议会下院,议会,下院,10
路人,路,人,10
金融资本,金融,资本,10
音像制品,音像,制品,10
两岸人民,两岸,人民,11
个人成长,个人,成长,11
交通部长,交通,部长,11
人力资源,人力,资源,11
仪器厂,仪器,厂,11
公益事业,公益,事业,11
冰草,冰,草,11
历史进程,历史,进程,11
口水,口,水,11
商会会长,商会,会长,11
奖牌榜,奖牌,榜,11
姑妈,姑,妈,11
市政府,,政府,11
掌心,掌,心,11
水缸,水,缸,11
泥墙,泥,墙,11
流域规划,流域,规划,11
特色产业,特色,产业,11
特色旅游,特色,旅游,11
美术作品,美术,作品,11
脚底,脚,底,11
财政部长,财政,部长,11
边疆民族,边疆,民族,11
道路设施,道路,设施,11
银行业务,银行,业务,11
中国书画,中国,书画,12
乡政府,乡,政府,12
乡风,乡,风,12
人烟,人,烟,12
会员卡,会员,卡,12
住宅区,住宅,区,12
医药公司,医药,公司,12
名人字画,名人,字画,12
天气形势,天气,形势,12
州市,,市,12
广告页面,广告,页面,12
心头,心,头,12
战略思维,战略,思维,12
星系,星,系,12
民族风格,民族,风格,12
民间舞,民间,舞,12
汽车轮胎,汽车,轮胎,12
生物制剂,生物,制剂,12
社会风尚,社会,风尚,12
票房,票,房,12
粉店,粉,店,12
网络空间,网络,空间,12
肿瘤医院,肿瘤,医院,12
风光,风,光,12
鱼水,鱼,水,12
人生目标,人生,目标,13
人脸,人,脸,13
任务书,任务,书,13
体育总局,体育,总局,13
信函,信,函,13
关节,关,节,13
农村土地,,土地,13
前线,前,线,13
嘴脸,嘴,脸,13
国务委员,国务,委员,13
国防部长,国防,部长,13
字旗,字,旗,13
小组会议,小组,会议,13
岸坡,岸,坡,13
心血,心,血,13
数据包,数据,包,13
春节假期,春节,假期,13
智利人,智利,人,13
服装协会,服装,协会,13
猪苗,猪,苗,13
经济大国,经济,大国,13
腰坑,腰,坑,13
菜色,菜,色,13
财政状况,财政,状况,13
门风,门,风,13
东海,东,海,14
人员素质,人员,素质,14
公文包,公文,包,14
农村金融,农村,金融,14
农民负担,农民,负担,14
医师资格,医师,资格,14
协会会员,协会,会员,14
合同条款,合同,条款,14
园林景观,园林,景观,14
基层人员,基层,人员,14
寒假作业,寒假,作业,14
工程学院,工程,学院,14
市井,市,井,14
战国时期,战国,时期,14
战略决策,,决策,14
技术能手,技术,能手,14
政权机关,政权,机关,14
树根,树,根,14
油网,油,网,14
现代汉语,现代,汉语,14
瓦厂,瓦,厂,14
电影海报,电影,海报,14
电缆,电,缆,14
税务机关,税务,机关,14
铁煤,铁,煤,14
上级,上,级,15
乡镇干部,乡镇,干部,15
内地,内,地,15
前方,前,方,15
动物油,动物,油,15
品牌优势,品牌,优势,15
图像资料,图像,资料,15
家门,家,门,15
市场主体,市场,主体,15
民族利益,民族,利益,15
民间文化,民间,文化,15
火盆,火,盆,15
电力部门,,部门,15
电影院线,电影,院线,15
砖瓦厂,砖瓦,厂,15
空调,空,调,15
经济合同,经济,合同,15
艺术形象,艺术,形象,15
苹果公司,苹果,公司,15
财政拨款,财政,拨款,15
雪人,雪,人,15
青年干部,青年,干部,15
面粉,面,粉,15
餐饮公司,餐饮,公司,15
饭厅,饭,厅,15
两岸关系,两岸,关系,16
交易成本,交易,成本,16
佛家,佛,家,16
信息技术,信息,技术,16
债市,债,市,16
内力,内,力,16
土壤肥力,土壤,肥力,16
外国游客,外国,游客,16
工会干部,工会,干部,16
心理压力,心理,压力,16
扁豆花,扁豆,花,16
政治局势,政治,局势,16
政治素质,政治,素质,16
文化名城,文化,名城,16
朝核问题,朝核,问题,16
环境标准,环境,标准,16
病例,病,例,16
网络结构,网络,结构,16
设计规范,设计,规范,16
词曲,词,曲,16
贸易部长,贸易,部长,16
边界,,界,16
边界地区,边界,地区,16
题库,题,库,16
飞机票,飞机,票,16
书市,书,市,17
会计专业,会计,专业,17
体育赛事,体育,赛事,17
农业国,农业,国,17
动画电影,动画,电影,17
历史文物,历史,文物,17
商业利益,商业,利益,17
国土面积,国土,面积,17
国棉,国,棉,17
地砖,地,砖,17
奖章,奖,章,17
市场趋势,市场,趋势,17
新闻热点,新闻,热点,17
期刊论文,期刊,论文,17
火箭,火,箭,17
热点话题,热点,话题,17
电气设备,电气,设备,17
终端产品,终端,产品,17
脑力,脑,力,17
艺术作品,,作品,17
药方,药,方,17
蛋白粉,蛋白,粉,17
证券公司,证券,公司,17
钢筋,钢,筋,17
音高,音,高,17
化工企业,化工,企业,18
历史风貌,历史,风貌,18
国号,国,号,18
城里人,城里,人,18
堡垒作用,堡垒,作用,18
天桥,天,桥,18
姐妹,姐,妹,18
山洞,山,洞,18
工业协会,工业,协会,18
师范学院,师范,学院,18
战略物资,战略,物资,18
日本首相,日本,首相,18
桥头,桥,头,18
桥镇,桥,镇,18
民间舞蹈,民间,舞蹈,18
海洋资源,海洋,资源,18
环境影响,环境,影响,18
皮包,皮,包,18
碳税,,税,18
空间站,空间,站,18
站牌,站,牌,18
童话世界,童话,世界,18
绿色食品,绿色,食品,18
茶道,茶,道,18
街心,街,心,18
书法作品,书法,作品,19
产品价格,产品,价格,19
产品目录,产品,目录,19
人民公仆,人民,公仆,19
佛门,佛,门,19
冰灯,冰,灯,19
剪刀手,剪刀,手,19
国家税收,国家,税收,19
居民收入,居民,收入,19
工具书,工具,书,19
干部队伍,干部,队伍,19
年间,年,间,19
木船,木,船,19
木门,木,门,19
比赛场地,,场地,19
法律责任,法律,责任,19
电力集团,电力,集团,19
胃口,胃,口,19
草皮,草,皮,19
谜底,谜,底,19
路网,路,网,19
金融体制,金融,体制,19
金融机构,金融,机构,19
闸门,闸,门,19
雨声,雨,声,19
业务水平,业务,水平,20
人命,,命,20
住宅小区,住宅,小区,20
保障卡,保障,卡,20
医药企业,医药,企业,20
国道,国,道,20
地板砖,地板,砖,20
工程设计,工程,设计,20
弧线,弧,线,20
才气,才,气,20
水门,水,门,20
油漆厂,油漆,厂,20
泥巴路,泥巴,路,20
煤炭行业,煤炭,行业,20
玉米价格,玉米,价格,20
科技产业,科技,产业,20
股东大会,股东,大会,20
舞步,舞,步,20
街角,街,角,20
课堂气氛,课堂,气氛,20
豆芽,豆,芽,20
酒水,酒,水,20
领袖人物,领袖,人物,20
食道,食,道,20
饭店,饭,店,20
专题报道,专题,报道,21
中心站,中心,站,21
优势产业,优势,产业,21
党性原则,党性,原则,21
口头,口,头,21
商品种类,商品,种类,21
国旗,国,旗,21
图画,图,画,21
山药,山,药,21
数据中心,数据,中心,21
时间表,时间,表,21
期末考试,期末,考试,21
桃花,桃,花,21
水田,水,田,21
海外侨胞,海外,侨胞,21
码头工人,码头,工人,21
耕地面积,耕地,面积,21
肝病,肝,病,21
脾胃,脾,胃,21
课外阅读,课外,阅读,21
轴线,轴,线,21
钢铁工业,钢铁,工业,21
青年人,青年,人,21
食品质量,,质量,21
鱼骨头,鱼,骨头,21
世界市场,世界,市场,22
人鱼,人,鱼,22
会计学院,会计,学院,22
公司章程,公司,章程,22
南欧国家,南欧,国家,22
名牌大学,名牌,大学,22
商业活动,商业,活动,22
国手,国,手,22
土壤资源,土壤,资源,22
基础医学,基础,医学,22
大学教授,大学,教授,22
导游证,导游,证,22
封面,封,面,22
居民区,居民,区,22
技术储备,技术,储备,22
民族服装,民族,服装,22
民间工艺,民间,工艺,22
水晶球,,球,22
汽笛声,汽笛,声,22
火山,火,山,22
画布,画,布,22
碳氢,碳,氢,22
脸书,脸,书,22
警察机关,警察,机关,22
马戏,马,戏,22
人物性格,人物,性格,23
公路桥,公路,桥,23
动力车,动力,车,23
医学专家,医学,专家,23
地质矿产,地质,矿产,23
奶油,奶,油,23
小区业主,小区,业主,23
工作岗位,工作,岗位,23
戏票,戏,票,23
文化素质,文化,素质,23
油灯,油,灯,23
玻璃墙,玻璃,墙,23
电视栏目,电视,栏目,23
盐路,盐,路,23
租税,租,税,23
税收制度,税收,制度,23
职工工资,职工,工资,23
职工队伍,职工,队伍,23
背景墙,背景,墙,23
茅草屋,茅草,屋,23
草书,草,书,23
证书,,书,23
诗书,诗,书,23
车手,车,手,23
银行利息,银行,利息,23
人情,人,情,24
价格优势,价格,优势,24
传奇色彩,传奇,色彩,24
信贷业务,信贷,业务,24
国家元首,国家,元首,24
国家机密,国家,机密,24
国际象棋,国际,象棋,24
工程技术,工程,技术,24
手脚,手,脚,24
效果图,效果,图,24
数字信息,数字,信息,24
本分,本,分,24
民意代表,民意,代表,24
民族音乐,,音乐,24
水货,水,货,24
江南,江,南,24
河北梆子,河北,梆子,24
短篇小说,短篇,小说,24
社会公众,社会,公众,24
神经网络,神经,网络,24
经济体制,经济,体制,24
股利,股,利,24
血糖,血,糖,24
钢铁企业,钢铁,企业,24
铅字,铅,字,24
人物形象,人物,形象,25
体育比赛,体育,比赛,25
城市形象,城市,形象,25
城市污水,城市,污水,25
官兵,官,兵,25
工伤事故,工伤,事故,25
当代文学,当代,文学,25
政策界限,政策,界限,25
气候灾害,气候,灾害,25
汽油车,汽油,车,25
油田,油,田,25
燃气锅炉,燃气,锅炉,25
班级,,级,25
球面,球,面,25
皮肉,皮,肉,25
眼圈,眼,圈,25
眼药水,眼,药水,25
短期行为,短期,行为,25
矿山企业,矿山,企业,25
草房子,草,房子,25
草鞋,草,鞋,25
贸易逆差,贸易,逆差,25
钱包,钱,包,25
鞭炮,鞭,炮,25
鱼肉,鱼,肉,25
世界屋脊,世界,屋脊,26
乳腺癌,乳腺,癌,26
会计制度,会计,制度,26
公众形象,公众,形象,26
公安局长,公安,局长,26
商业保险,商业,保险,26
国家计划,国家,计划,26
图书市场,图书,市场,26
圆圈,圆,圈,26
工业部门,,部门,26
市场走势,市场,走势,26
总体布局,总体,布局,26
技术产业,技术,产业,26
旅客列车,旅客,列车,26
权威人士,权威,人士,26
民间团体,民间,团体,26
法人资格,法人,资格,26
火锅店,火锅,店,26
烟雾,烟,雾,26
玻璃球,玻璃,球,26
电话号码,电话,号码,26
盐水,盐,水,26
网络广告,网络,广告,26
货款,货,款,26
鸵鸟政策,鸵鸟,政策,26
中心主义,中心,主义,27
人民代表,人民,代表,27
人民警察,人民,警察,27
公路网,公路,网,27
化肥厂,化肥,厂,27
墓地,墓,地,27
宗教事务,宗教,事务,27
尿酸,尿,酸,27
岛国,,国,27
工艺技术,工艺,技术,27
本地人,本地,人,27
氧气,氧,气,27
沟渠,沟,渠,27
泪水,泪,水,27
烟头,烟,头,27
物质基础,物质,基础,27
琴声,琴,声,27
石油市场,石油,市场,27
经济社会,经济,社会,27
船桨,船,桨,27
血泪,血,泪,27
词牌,词,牌,27
诗词,诗,词,27
课程标准,课程,标准,27
酒家,酒,家,27
书信,书,信,28
体育局,体育,局,28
信号灯,信号,灯,28
军官证,军官,证,28
前辈,前,辈,28
国人,国,人,28
宫颈癌,宫颈,癌,28
山脚,山,脚,28
工会组织,工会,组织,28
建筑风格,建筑,风格,28
毒瘾,,瘾,28
气象景观,气象,景观,28
法门,法,门,28
游戏网,游戏,网,28
火灾,火,灾,28
生活习惯,生活,习惯,28
电影网,电影,网,28
社会制度,社会,制度,28
空气质量,空气,质量,28
线路,线,路,28
经济网,经济,网,28
西欧国家,西欧,国家,28
蹄音,蹄,音,28
车主,车,主,28
交警支队,交警,支队,29
产权,产,权,29
北欧国家,北欧,国家,29
厨房电器,厨房,电器,29
土壤水分,土壤,水分,29
地理环境,地理,环境,29
外星人,外星,人,29
天王,天,王,29
少儿读物,少儿,读物,29
影视动画,影视,动画,29
总体目标,总体,目标,29
支部书记,支部,书记,29
权威机构,权威,机构,29
歌舞,歌,舞,29
生物科技,生物,科技,29
电源线,电源,线,29
科学研究,科学,研究,29
职工收入,职工,收入,29
股票市场,股票,市场,29
舞台,,台,29
虫草,虫,草,29
蜘蛛人,蜘蛛,人,29
警察学校,警察,学校,29
车队,车,队,29
重点学科,重点,学科,29
业主大会,业主,大会,30
侨务工作,侨务,工作,30
冰窖,冰,窖,30
医学论坛,医学,论坛,30
塑料布,塑料,布,30
外汇资金,外汇,资金,30
天线,天,线,30
学校后勤,,后勤,30
工业园区,工业,园区,30
市场份额,市场,份额,30
战略规划,战略,规划,30
政治势力,政治,势力,30
旋风,旋,风,30
月球,月,球,30
木马病毒,木马,病毒,30
法院系统,法院,系统,30
火力,火,力,30
火灾现场,火灾,现场,30
肉类,肉,类,30
重力,重,力,30
钢牙,钢,牙,30
铁门,铁,门,30
铜钱,铜,钱,30
门神,门,神,30
集体利益,集体,利益,30
代表大会,代表,大会,31
北国,北,国,31
商业模式,商业,模式,31
商业行为,商业,行为,31
土壤环境,土壤,环境,31
头球,头,球,31
幼儿教师,幼儿,教师,31
技术手段,技术,手段,31
整体利益,整体,利益,31
星团,星,团,31
期货交易,期货,交易,31
沿海经济,沿海,经济,31
海关,海,关,31
海气,海,气,31
火锅,火,锅,31
牛粪,牛,粪,31
球类,球,类,31
生态旅游,,旅游,31
男子篮球,男子,篮球,31
脑筋,脑,筋,31
舞会,舞,会,31
草药,草,药,31
资本主义,资本,主义,31
道德品质,道德,品质,31
鸡汤,鸡,汤,31
人海,人,海,32
信息产业,信息,产业,32
儿科医生,儿科,医生,32
光学仪器,光学,仪器,32
冠军联赛,冠军,联赛,32
冰面,冰,面,32
国民收入,国民,收入,32
国铁,国,铁,32
外地,外,地,32
家庭作业,家庭,作业,32
小学老师,小学,老师,32
师资队伍,师资,队伍,32
戏班,戏,班,32
政务信息,政务,信息,32
文学名著,文学,名著,32
早餐会,早餐,会,32
楼层,,层,32
电视频道,电视,频道,32
矿粉,矿,粉,32
砖墙,砖,墙,32
类型信息,类型,信息,32
营养物质,营养,物质,32
视频产品,视频,产品,32
边境地区,边境,地区,32
银行贷款,银行,贷款,32
上天,上,天,33
个人主义,个人,主义,33
儿童读物,儿童,读物,33
公路交通,公路,交通,33
农民收入,农民,收入,33
剧院,剧,院,33
厂家,厂,家,33
城市规划,城市,规划,33
市场潜力,市场,潜力,33
帆船,,船,33
强权政治,强权,政治,33
政治信仰,政治,信仰,33
教学进度,教学,进度,33
时代周刊,时代,周刊,33
时代广场,时代,广场,33
林业部门,林业,部门,33
气象专家,气象,专家,33
瓜菜,瓜,菜,33
能源行业,能源,行业,33
脑心,脑,心,33
贸易总额,贸易,总额,33
金融中心,金融,中心,33
额头,额,头,33
风洞,风,洞,33
人脑,人,脑,34
动力电池,动力,电池,34
北京烤鸭,北京,烤鸭,34
基层政权,基层,政权,34
学士学位,学士,学位,34
客运车辆,客运,车辆,34
工艺水平,工艺,水平,34
年龄结构,年龄,结构,34
政党政治,政党,政治,34
樱花树,樱花,树,34
浪花,浪,花,34
炮声,炮,声,34
电话卡,电话,卡,34
笔下,笔,下,34
舞台灯光,舞台,灯光,34
舱门,,门,34
行业新闻,行业,新闻,34
街心公园,街心,公园,34
财政收入,财政,收入,34
道家,道,家,34
钢琴,钢,琴,34
铜锅,铜,锅,34
陶瓷厂,陶瓷,厂,34
食品科技,食品,科技,34
餐饮行业,餐饮,行业,34
中心地带,中心,地带,35
乡土气息,乡土,气息,35
书院,书,院,35
人店,人,店,35
会议记录,会议,记录,35
信号线,信号,线,35
兵马,兵,马,35
医学中心,医学,中心,35
协会主席,协会,主席,35
团体冠军,,冠军,35
春节晚会,春节,晚会,35
机关作风,机关,作风,35
杠杆作用,杠杆,作用,35
棋人,棋,人,35
热点问题,热点,问题,35
王牌,王,牌,35
皮阀,皮,阀,35
省城,省,城,35
社会保障,社会,保障,35
米粉,米,粉,35
粮食市场,粮食,市场,35
网路,网,路,35
职业道德,职业,道德,35
花灯,花,灯,35
野地,野,地,35
中国国情,中国,国情,36
人口总数,人口,总数,36
人员编制,人员,编制,36
人声,人,声,36
人民意志,人民,意志,36
企业财务,企业,财务,36
体育设施,体育,设施,36
学术年会,学术,年会,36
山坡,山,坡,36
庙门,庙,门,36
技术含量,技术,含量,36
政策法规,政策,法规,36
文化遗产,文化,遗产,36
木桌,木,桌,36
民族乐器,民族,乐器,36
油烟,油,烟,36
泥沙,泥,沙,36
百货店,百货,店,36
税款,税,款,36
粮草,粮,草,36
能源工业,能源,工业,36
脸面,脸,面,36
规章制度,规章,制度,36
课程内容,,内容,36
财务状况,财务,状况,36
产品数量,产品,数量,37
体育运动,体育,运动,37
佛牙,佛,牙,37
农业机械,农业,机械,37
国土,国,土,37
大局意识,大局,意识,37
婚姻关系,婚姻,关系,37
店主,店,主,37
手心,手,心,37
技术标准,技术,标准,37
报章,报,章,37
政治理念,政治,理念,37
暴力事件,暴力,事件,37
服装厂,服装,厂,37
汤圆,汤,圆,37
热血青年,,青年,37
肉菜,肉,菜,37
腿脚,腿,脚,37
花车,花,车,37
资源优势,资源,优势,37
铁军,铁,军,37
铁塔,铁,塔,37
长沙人,长沙,人,37
雷电,雷,电,37
面饼,面,饼,37
主题公园,主题,公园,38
交通事故,交通,事故,38
交通设施,交通,设施,38
产权制度,产权,制度,38
人质事件,人质,事件,38
信贷资金,信贷,资金,38
农业部门,农业,部门,38
前提条件,前提,条件,38
圆心,圆,心,38
基础设施,基础,设施,38
太空舱,太空,舱,38
技术参数,技术,参数,38
文化背景,文化,背景,38
气功,气,功,38
气象预报,气象,预报,38
水火,水,火,38
油嘴,油,嘴,38
海潮,海,潮,38
牙根,牙,根,38
生物化学,生物,化学,38
线头,,头,38
谜题,谜,题,38
财政预算,财政,预算,38
长征路,长征,路,38
魔鬼,魔,鬼,38
体育器材,体育,器材,39
儿童用品,儿童,用品,39
关系网,,网,39
内人,内,人,39
南海,南,海,39
哮喘病,哮喘,病,39
外汇储备,外汇,储备,39
外资来源,外资,来源,39
工房,工,房,39
心灯,心,灯,39
文化产业,文化,产业,39
水电,水,电,39
油画,油,画,39
烟酒,烟,酒,39
牌证,牌,证,39
电波,电,波,39
电话网,电话,网,39
胭脂粉,胭脂,粉,39
船头,船,头,39
行业协会,行业,协会,39
课本,课,本,39
责任书,责任,书,39
铁床,铁,床,39
音色,音,色,39
餐馆老板,餐馆,老板,39
中华美食,中华,美食,40
乡镇政府,乡镇,政府,40
书局,书,局,40
历史数据,历史,数据,40
基层单位,基层,单位,40
干部家庭,干部,家庭,40
彩虹桥,彩虹,桥,40
成就奖,成就,奖,40
技术职称,技术,职称,40
政治路线,政治,路线,40
教育方针,教育,方针,40
数字图书,数字,图书,40
本事,本,事,40
松树,松,树,40
水面,水,面,40
河口,河,口,40
泥浆,泥,浆,40
电视节目,电视,节目,40
科技体制,科技,体制,40
经济收益,经济,收益,40
经费支出,经费,支出,40
茶楼,茶,楼,40
重庆火锅,重庆,火锅,40
钢铁,,铁,40
人口数量,人口,数量,41
内线,内,线,41
卫生标准,卫生,标准,41
咖啡店,咖啡,店,41
品牌战略,品牌,战略,41
地方戏,地方,戏,41
大棚菜,大棚,菜,41
年货,年,货,41
政治觉悟,,觉悟,41
故事情节,故事,情节,41
枪头,枪,头,41
毛笔,毛,笔,41
民族素质,民族,素质,41
汽车品牌,汽车,品牌,41
电子科技,电子,科技,41
石板路,石板,路,41
税收法律,税收,法律,41
窗口单位,窗口,单位,41
肩头,肩,头,41
财务预算,财务,预算,41
资格证书,资格,证书,41
车窗,车,窗,41
部长会议,部长,会议,41
风帆,风,帆,41
业务范围,业务,范围,42
产业基地,产业,基地,42
产品规格,,规格,42
人头,人,头,42
保险合同,保险,合同,42
党委书记,党委,书记,42
公司员工,公司,员工,42
地方税,地方,税,42
外人,外,人,42
大气质量,大气,质量,42
年关,年,关,42
底线,底,线,42
政府职能,政府,职能,42
水枪,水,枪,42
海浪,海,浪,42
疾病基因,疾病,基因,42
空间信息,空间,信息,42
篮球鞋,篮球,鞋,42
纸老虎,纸,老虎,42
胶鞋,胶,鞋,42
草绳,草,绳,42
财产保险,财产,保险,42
雾气,雾,气,42
黄金屋,黄金,屋,42
中央文件,中央,文件,43
主席职位,主席,职位,43
周边国家,周边,国家,43
塑料薄膜,塑料,薄膜,43
家居装饰,家居,装饰,43
市场总监,,总监,43
心肠,心,肠,43
手掌,手,掌,43
政治局面,政治,局面,43
数据安全,数据,安全,43
新闻周刊,新闻,周刊,43
民族英雄,民族,英雄,43
物质文明,物质,文明,43
环境质量,环境,质量,43
班子成员,班子,成员,43
电线,电,线,43
番茄酱,番茄,酱,43
知识产权,知识,产权,43
科技成果,科技,成果,43
纪念邮票,纪念,邮票,43
草庙,草,庙,43
菜店,菜,店,43
血肉,血,肉,43
财务报表,财务,报表,43
软件技术,软件,技术,43
专利证书,专利,证书,44
专项基金,专项,基金,44
专题会议,专题,会议,44
主任科员,主任,科员,44
农村公路,农村,公路,44
国剧,国,剧,44
地层,地,层,44
基金项目,基金,项目,44
塑料大棚,塑料,大棚,44
小人书,小人,书,44
文艺团体,文艺,团体,44
水墨画,水墨,画,44
海权,海,权,44
灯光,灯,光,44
煤气,煤,气,44
生物资源,生物,资源,44
社会福利,社会,福利,44
经济周期,经济,周期,44
经济总量,经济,总量,44
荣誉称号,荣誉,称号,44
行家,行,家,44
谜团,谜,团,44
质量指标,质量,指标,44
门阀,门,阀,44
青年教师,,教师,44
中共党员,中共,党员,45
人民团体,人民,团体,45
价格政策,价格,政策,45
国民经济,国民,经济,45
地理单元,地理,单元,45
外乡人,外乡,人,45
学术刊物,学术,刊物,45
市辖区,市,辖区,45
床头,床,头,45
户籍制度,户籍,制度,45
水路,水,路,45
海峡两岸,海峡,两岸,45
海龟,,龟,45
游戏规则,游戏,规则,45
热带雨林,热带,雨林,45
猪肉,猪,肉,45
眼皮,眼,皮,45
职工宿舍,职工,宿舍,45
肥料,肥,料,45
胃酸,胃,酸,45
草地,草,地,45
蚕丝,蚕,丝,45
责任人,责任,人,45
项目组,项目,组,45
骨干教师,骨干,教师,45
个人行为,个人,行为,46
冰河,冰,河,46
冰雪,冰,雪,46
利害,利,害,46
国界,国,界,46
字幕,字,幕,46
手机电池,手机,电池,46
气象站,气象,站,46
海虾,海,虾,46
肉羊,肉,羊,46
肉鸡,肉,鸡,46
胆量,胆,量,46
脸皮,脸,皮,46
蜡纸,蜡,纸,46
财政开支,财政,开支,46
金融体系,金融,体系,46
金融风暴,金融,风暴,46
钢笔,钢,笔,46
铅笔刀,铅笔,刀,46
锣声,锣,声,46
门牌,,牌,46
门面,门,面,46
阶梯教室,阶梯,教室,46
雨点,雨,点,46
风雪,风,雪,46
人文景观,人文,景观,47
会费,会,费,47
冰糖,冰,糖,47
医务人员,医务,人员,47
口袋书,口袋,书,47
地球表面,地球,表面,47
地质灾害,地质,灾害,47
学术权威,学术,权威,47
家族企业,家族,企业,47
帮派,帮,派,47
手机用户,手机,用户,47
教学设备,教学,设备,47
数据通道,数据,通道,47
海洋工程,海洋,工程,47
社会效益,社会,效益,47
科普活动,科普,活动,47
笔头,笔,头,47
网络系统,网络,系统,47
背包,背,包,47
船舶工业,船舶,工业,47
语言障碍,语言,障碍,47
货车,货,车,47
路面,路,面,47
银行职员,,职员,47
集体行动,集体,行动,47
乡镇,乡,镇,48
乡间,乡,间,48
云雾,云,雾,48
作文课,作文,课,48
保险费用,保险,费用,48
党员干部,党员,干部,48
全球股市,全球,股市,48
功能区,功能,区,48
卫生习惯,卫生,习惯,48
厂房,厂,房,48
历史关头,历史,关头,48
基础理论,基础,理论,48
小学教师,小学,教师,48
居民小区,居民,小区,48
山头,山,头,48
工科学生,工科,学生,48
星光,星,光,48
民族村,民族,村,48
洞房,洞,房,48
灯火,灯,火,48
热带风暴,热带,风暴,48
煤炭工业,煤炭,工业,48
网信,网,信,48
职业院校,职业,院校,48
车道,,道,48
个人利益,个人,利益,49
交通线,交通,线,49
人生态度,人生,态度,49
住宅楼,住宅,楼,49
公务活动,公务,活动,49
公安部门,公安,部门,49
冰队,冰,队,49
南北,南,北,49
商业机构,商业,机构,49
年初,年,初,49
校门,校,门,49
核心理念,核心,理念,49
气血,气,血,49
气门,气,门,49
河岸,,岸,49
港口,港,口,49
燃气公司,燃气,公司,49
画室,画,室,49
皮包公司,皮包,公司,49
豆浆,豆,浆,49
身体状况,身体,状况,49
野外工作,野外,工作,49
面皮,面,皮,49
顶楼,顶,楼,49
龙眼,龙,眼,49
主流产品,主流,产品,50
儿童玩具,儿童,玩具,50
党风,党,风,50
关税壁垒,关税,壁垒,50
北极圈,北极,圈,50
后人,后,人,50
娘家,娘,家,50
实木门,实木,门,50
技术实力,技术,实力,50
棕榈树,棕榈,树,50
水坝,水,坝,50
洞口,洞,口,50
流域面积,流域,面积,50
海风,海,风,50
热力,热,力,50
牛脾气,牛,脾气,50
电力机车,,机车,50
电力设备,电力,设备,50
病理,病,理,50
磁铁,磁,铁,50
社区意识,社区,意识,50
肩枪,肩,枪,50
西瓜,西,瓜,50
雍正年间,雍正,年间,50
龙头,龙,头,50
个人风格,个人,风格,51
中介机构,中介,机构,51
保险公司,保险,公司,51
光圈,光,圈,51
公民自由,公民,自由,51
化学元素,化学,元素,51
国税,国,税,51
地下工程,地下,工程,51
工具理性,工具,理性,51
指环,指,环,51
收入水平,收入,水平,51
时代风气,,风气,51
树苗,树,苗,51
桥梁工程,桥梁,工程,51
水网,水,网,51
派系,派,系,51
海盆,海,盆,51
渠沟,渠,沟,51
电影票房,电影,票房,51
科技事业,科技,事业,51
钢铁市场,钢铁,市场,51
银行行长,银行,行长,51
领导作风,领导,作风,51
下方,下,方,52
中药,中,药,52
产品质量,产品,质量,52
兵力,兵,力,52
冰山,冰,山,52
医学影像,医学,影像,52
口音,口,音,52
国家补贴,国家,补贴,52
国门,国,门,52
客运码头,客运,码头,52
小吃店,小吃,店,52
工人阶级,,阶级,52
年级,年,级,52
政府首脑,政府,首脑,52
文字游戏,文字,游戏,52
汽车配件,汽车,配件,52
法律意识,法律,意识,52
特权思想,特权,思想,52
生活观念,生活,观念,52
经济账,经济,账,52
肉汤,肉,汤,52
血汗,血,汗,52
议员团,议员,团,52
路口,路,口,52
雪花,雪,花,52
会展中心,会展,中心,53
会计报告,会计,报告,53
佛像,,像,53
信息时代,信息,时代,53
债权,债,权,53
党团,党,团,53
党课,党,课,53
历史教训,历史,教训,53
宠物狗,宠物,狗,53
家事,家,事,53
工会主席,工会,主席,53
指标体系,指标,体系,53
月饼,月,饼,53
气球,气,球,53
油库,油,库,53
潮水,潮,水,53
热量,热,量,53
电力工业,电力,工业,53
系列丛书,系列,丛书,53
艺术大师,艺术,大师,53
芭蕾大师,芭蕾,大师,53
财产损失,财产,损失,53
里程碑,里程,碑,53
雪山,雪,山,53
骨干成员,骨干,成员,53
专业课程,专业,课程,54
产品型号,产品,型号,54
代沟,代,沟,54
体育中心,体育,中心,54
农贸市场,农贸,市场,54
医药产业,医药,产业,54
外线,外,线,54
居民楼,居民,楼,54
岗位补贴,岗位,补贴,54
年画,年,画,54
影视节目,,节目,54
成员国,成员,国,54
标识牌,标识,牌,54
汽车尾气,汽车,尾气,54
海船,海,船,54
灯会,灯,会,54
球市,球,市,54
画风,画,风,54
省政府,省,政府,54
窗户纸,窗户,纸,54
箭头,箭,头,54
股本,股,本,54
话剧团,话剧,团,54
风险意识,风险,意识,54
风雨,风,雨,54
中国网民,中国,网民,55
企业资质,企业,资质,55
卫生设施,卫生,设施,55
商业地产,商业,地产,55
地球村,地球,村,55
学术团体,学术,团体,55
宝库,宝,库,55
庆典活动,庆典,活动,55
影子内阁,影子,内阁,55
教学设施,教学,设施,55
榴弹炮,榴弹,炮,55
气候资源,气候,资源,55
法律义务,法律,义务,55
火球,火,球,55
现实主义,,主义,55
电子产品,电子,产品,55
电影频道,电影,频道,55
科技股份,科技,股份,55
税收收入,税收,收入,55
粮头,粮,头,55
肠胃,肠,胃,55
藕粉,藕,粉,55
车票,车,票,55
铁丝,铁,丝,55
风浪,风,浪,55
交通法规,交通,法规,56
产业结构,产业,结构,56
全会精神,全会,精神,56
图表,图,表,56
地价,地,价,56
天神,天,神,56
官方网站,官方,网站,56
室内,室,内,56
战略目标,战略,目标,56
手头,手,头,56
手脑,手,脑,56
木板床,木板,床,56
村民代表,村民,代表,56
残疾儿童,残疾,儿童,56
水沟,水,沟,56
煤矿工人,煤矿,工人,56
现金交易,现金,交易,56
电池容量,电池,容量,56
科技前沿,,前沿,56
米饭,米,饭,56
老年公寓,老年,公寓,56
财务总监,财务,总监,56
质量事故,质量,事故,56
部下,部,下,56
铁路网,铁路,网,56
主体作用,主体,作用,57
人参,人,参,57
分数线,分数,线,57
图片说明,图片,说明,57
场地设施,场地,设施,57
垒球,垒,球,57
基础知识,基础,知识,57
官方语言,官方,语言,57
工艺流程,工艺,流程,57
情歌,情,歌,57
政治派别,政治,派别,57
教育经费,教育,经费,57
月色,月,色,57
核心作用,核心,作用,57
江水,江,水,57
海外华人,海外,华人,57
煤火,煤,火,57
生态效益,生态,效益,57
电视网,电视,网,57
经济成就,经济,成就,57
背部,背,部,57
西部,西,部,57
贸易中心,贸易,中心,57
雪灾,雪,灾,57
霉菌,,菌,57
交警部门,交警,部门,58
交通流量,,流量,58
企业名单,企业,名单,58
位置服务,位置,服务,58
内河航运,内河,航运,58
家庭设备,家庭,设备,58
市场前景,市场,前景,58
心力,心,力,58
房门,房,门,58
月销量,月,销量,58
楼院,楼,院,58
水泥墙,水泥,墙,58
火花,火,花,58
球鞋,球,鞋,58
电门,电,门,58
矿坑,矿,坑,58
社区服务,社区,服务,58
神像,神,像,58
科技人员,科技,人员,58
纸烟,纸,烟,58
航海图,航海,图,58
节气,节,气,58
西画,西,画,58
金融工具,金融,工具,58
风头,风,头,58
东欧国家,东欧,国家,59
人祸,人,祸,59
内心世界,内心,世界,59
化学工业,化学,工业,59
医科大学,医科,大学,59
卫生事业,卫生,事业,59
天数,天,数,59
天气预报,天气,预报,59
工地,工,地,59
心理卫生,心理,卫生,59
感受力,感受,力,59
政府部门,政府,部门,59
教学模式,教学,模式,59
晚年生活,晚年,生活,59
本钱,本,钱,59
歌星,,星,59
民族风情,民族,风情,59
水利部门,水利,部门,59
生活用品,生活,用品,59
生物物理,生物,物理,59
画纸,画,纸,59
皮毛,皮,毛,59
结肠癌,结肠,癌,59
网球,网,球,59
蜂蜜,蜂,蜜,59
下属单位,下属,单位,60
交通网,交通,网,60
产品品质,产品,品质,60
会计报表,会计,报表,60
后勤保障,后勤,保障,60
哲学范畴,哲学,范畴,60
地雷,地,雷,60
天鹅,天,鹅,60
家居用品,家居,用品,60
左边,左,边,60
战略思想,战略,思想,60
战略眼光,战略,眼光,60
桥面,桥,面,60
海洋权益,海洋,权益,60
火药,火,药,60
灾祸,灾,祸,60
电脑病毒,电脑,病毒,60
羊煤,,煤,60
肺病,肺,病,60
艺术修养,艺术,修养,60
西药,西,药,60
铁路线,铁路,线,60
铁锅,铁,锅,60
雨水,雨,水,60
风景园林,风景,园林,60
人物画,人物,画,61
伙伴关系,伙伴,关系,61
军火,军,火,61
匾额,匾,额,61
口碑,口,碑,61
土著人,土著,人,61
基层组织,基层,组织,61
声浪,声,浪,61
店面,店,面,61
庙会,庙,会,61
异体字,异体,字,61
战略伙伴,战略,伙伴,61
指甲,指,甲,61
汽车产业,汽车,产业,61
海底隧道,海底,隧道,61
火柴,,柴,61
盐油,盐,油,61
网络平台,网络,平台,61
耳光,耳,光,61
茅草房,茅草,房,61
贸易壁垒,贸易,壁垒,61
金融保险,金融,保险,61
餐饮企业,餐饮,企业,61
鸡腿,鸡,腿,61
黑板报,黑板,报,61
五谷杂粮,五谷,杂粮,62
信号兵,信号,兵,62
剧团,剧,团,62
商业利润,商业,利润,62
国事,国,事,62
城镇居民,城镇,居民,62
外伤,外,伤,62
外汇收入,外汇,收入,62
头顶,头,顶,62
妇女组织,妇女,组织,62
床脚,床,脚,62
数值,数,值,62
文艺理论,文艺,理论,62
机器设备,机器,设备,62
氧膜,氧,膜,62
污水沟,污水,沟,62
烟火,烟,火,62
电气工程,电气,工程,62
省份,省,份,62
礼兵,礼,兵,62
笔数,笔,数,62
素质教育,,教育,62
蛋鸡,蛋,鸡,62
财政政策,财政,政策,62
过错,过,错,62
公安队伍,公安,队伍,63
功能属性,功能,属性,63
合金材料,合金,材料,63
后院,后,院,63
商品住宅,商品,住宅,63
头脑,头,脑,63
奶茶,奶,茶,63
导弹部队,导弹,部队,63
工程规划,工程,规划,63
广告公司,广告,公司,63
战略意义,战略,意义,63
文学作品,文学,作品,63
法人代表,法人,代表,63
洞库,洞,库,63
粉末,粉,末,63
纸牌,纸,牌,63
花鸟画,花鸟,画,63
药品网,药品,网,63
视频会议,视频,会议,63
财务收支,财务,收支,63
酱油,酱,油,63
门户网站,,网站,63
鬼神,鬼,神,63
鱼虾,鱼,虾,63
个人空间,,空间,64
中华儿女,中华,儿女,64
中文字幕,中文,字幕,64
传媒大学,传媒,大学,64
体育项目,体育,项目,64
信息系统,信息,系统,64
函数,函,数,64
危机意识,危机,意识,64
地球化学,地球,化学,64
基因工程,基因,工程,64
基层干部,基层,干部,64
实业集团,实业,集团,64
数字信号,数字,信号,64
文学期刊,文学,期刊,64
末代,末,代,64
物质力量,物质,力量,64
特色学校,特色,学校,64
现代战争,现代,战争,64
系统工程,系统,工程,64
船队,船,队,64
艺术院校,艺术,院校,64
货币政策,货币,政策,64
钢铁工人,钢铁,工人,64
风沙,风,沙,64
鸟巢,鸟,巢,64
业务收入,业务,收入,65
乡下,乡,下,65
乡镇企业,乡镇,企业,65
人员名单,人员,名单,65
体育彩票,体育,彩票,65
内情,内,情,65
军官,军,官,65
医保卡,医保,卡,65
地铁,地,铁,65
塑料产品,塑料,产品,65
塑胶产品,塑胶,产品,65
大锅菜,大锅,菜,65
工伤保险,工伤,保险,65
工资收入,,收入,65
技术壁垒,技术,壁垒,65
教学系统,教学,系统,65
法宝,法,宝,65
海冰,海,冰,65
煤炭,煤,炭,65
煤炭资源,煤炭,资源,65
物业管理,物业,管理,65
税法,税,法,65
终极目标,终极,目标,65
金融债券,金融,债券,65
题图,题,图,65
中层干部,中层,干部,66
产业工人,产业,工人,66
体育用品,体育,用品,66
公路沿线,公路,沿线,66
农业知识,农业,知识,66
动画短片,动画,短片,66
北风,北,风,66
嘴角,嘴,角,66
国民待遇,国民,待遇,66
地球物理,地球,物理,66
家庭收入,家庭,收入,66
山城,山,城,66
庭院经济,庭院,经济,66
影视文化,影视,文化,66
教主,教,主,66
汽车行业,汽车,行业,66
海岛,海,岛,66
海水浴场,海水,浴场,66
煤线,煤,线,66
绿地面积,绿地,面积,66
网络文学,网络,文学,66
耳膜,耳,膜,66
酒店,酒,店,66
食品卫生,,卫生,66
黑客基地,黑客,基地,66
中药饮片,中药,饮片,67
事例,事,例,67
兄弟,兄,弟,67
公务人员,公务,人员,67
内政部长,内政,部长,67
协会会长,协会,会长,67
历史文献,历史,文献,67
塑料包装,塑料,包装,67
塑料机械,塑料,机械,67
影视作品,影视,作品,67
手机软件,手机,软件,67
柏油路,柏油,路,67
油漆,油,漆,67
火烧,火,烧,67
热带地区,热带,地区,67
物业公司,物业,公司,67
现代科技,现代,科技,67
玻璃门,玻璃,门,67
眉头,眉,头,67
窑坑,窑,坑,67
腰部,腰,部,67
表格,表,格,67
钢刀,钢,刀,67
风雷,风,雷,67
饭桌,,桌,67
书报,书,报,68
人间仙境,人间,仙境,68
保险产品,保险,产品,68
公职人员,公职,人员,68
劳务中介,劳务,中介,68
县城,县,城,68
场地面积,场地,面积,68
城市公园,城市,公园,68
外汇市场,外汇,市场,68
婚姻状况,婚姻,状况,68
技术细节,技术,细节,68
政协主席,政协,主席,68
水道,水,道,68
生物化工,生物,化工,68
社会现状,社会,现状,68
秦岭隧道,秦岭,隧道,68
精神病,,病,68
网络小说,网络,小说,68
舞曲,舞,曲,68
茶山,茶,山,68
蛔虫病,蛔虫,病,68
铁罐,铁,罐,68
院墙,院,墙,68
雪梨,雪,梨,68
饭碗,饭,碗,68
个性特点,个性,特点,69
交通网络,,网络,69
人口基数,人口,基数,69
内耳,内,耳,69
卫生部门,卫生,部门,69
口号声,口号,声,69
因果关系,因果,关系,69
城乡,城,乡,69
布料,布,料,69
房屋,房,屋,69
教育领域,教育,领域,69
文学理论,文学,理论,69
服装行业,服装,行业,69
末年,末,年,69
梦乡,梦,乡,69
椰子树,椰子,树,69
玻璃制品,玻璃,制品,69
用户界面,用户,界面,69
皮影戏,皮影,戏,69
社交活动,社交,活动,69
科技期刊,科技,期刊,69
股权,股,权,69
话剧,话,剧,69
雨天,雨,天,69
价值观念,价值,观念,70
公民权利,公民,权利,70
冰刀,冰,刀,70
医学奖,医学,奖,70
后门,后,门,70
基层医院,基层,医院,70
外资企业,外资,企业,70
奖牌,奖,牌,70
子弟学校,子弟,学校,70
工会工作,工会,工作,70
情调,情,调,70
技术指标,技术,指标,70
木马程序,木马,程序,70
火光,火,光,70
皮鞋,皮,鞋,70
石油价格,石油,价格,70
空间规划,,规划,70
细胞因子,细胞,因子,70
网群,网,群,70
行为主体,行为,主体,70
铁店,铁,店,70
铜像,铜,像,70
门票,门,票,70
骨干企业,骨干,企业,70
龙船,龙,船,70
产权交易,产权,交易,71
人口比例,人口,比例,71
党委委员,党委,委员,71
军事战略,军事,战略,71
刑法,刑,法,71
城镇职工,城镇,职工,71
学生名单,学生,名单,71
工事,工,事,71
心墙,心,墙,71
手术器械,手术,器械,71
政协委员,政协,委员,71
政法队伍,政法,队伍,71
斑点,斑,点,71
时事新闻,时事,新闻,71
机关党委,机关,党委,71
毛孔,毛,孔,71
灯光装置,灯光,装置,71
牌楼,牌,楼,71
牛市,牛,市,71
生命周期,生命,周期,71
票价,票,价,71
英语教材,英语,教材,71
资源税,资源,税,71
雨伞,雨,伞,71
雪水,,水,71
专利发明,专利,发明,72
农业科研,农业,科研,72
右边,右,边,72
品牌价值,品牌,价值,72
国家标准,国家,标准,72
国际形势,国际,形势,72
图纸,图,纸,72
天灾,,灾,72
家庭医生,家庭,医生,72
尿布,尿,布,72
情报机构,情报,机构,72
教师资格,教师,资格,72
文学评论,文学,评论,72
新闻媒体,新闻,媒体,72
残疾证,残疾,证,72
瓜棚,瓜,棚,72
生活节奏,生活,节奏,72
生物制品,生物,制品,72
生理盐水,生理,盐水,72
电煤,电,煤,72
罪人,罪,人,72
茶马,茶,马,72
血液病,血液,病,72
软骨病,软骨,病,72
门路,门,路,72
主席国,主席,国,73
人事部门,人事,部门,73
兽药,,药,73
军团,军,团,73
夫妻,夫,妻,73
学科知识,学科,知识,73
小农意识,小农,意识,73
情结,情,结,73
教学活动,教学,活动,73
斑马,斑,马,73
枣矿,枣,矿,73
枪声,枪,声,73
歌词,歌,词,73
爸妈,爸,妈,73
版面,版,面,73
牛头,牛,头,73
玻璃窗,玻璃,窗,73
真空地带,真空,地带,73
笔画,笔,画,73
职能作用,职能,作用,73
课余时间,课余,时间,73
野外,野,外,73
铁路工人,铁路,工人,73
音节,音,节,73
高峰论坛,高峰,论坛,73
丝瓜,丝,瓜,74
产品产量,产品,产量,74
人文精神,人文,精神,74
医学杂志,医学,杂志,74
右侧,右,侧,74
后勤人员,后勤,人员,74
地质公园,地质,公园,74
外号,外,号,74
外族人,外族,人,74
月底,月,底,74
海面,海,面,74
版画,版,画,74
物价水平,物价,水平,74
电力公司,电力,公司,74
电路,,路,74
网络时代,网络,时代,74
美术课,美术,课,74
脚力,脚,力,74
脾气,脾,气,74
花鸟,花,鸟,74
荣誉证书,荣誉,证书,74
责任事故,责任,事故,74
铁道,铁,道,74
高校学生,高校,学生,74
高粱酒,高粱,酒,74
中学校长,中学,校长,75
人气,人,气,75
党纲,党,纲,75
关头,关,头,75
农村教师,农村,教师,75
医院院长,医院,院长,75
地热井,地热,井,75
地理信息,地理,信息,75
塑胶跑道,塑胶,跑道,75
学生家长,学生,家长,75
市场导向,市场,导向,75
弹跳力,弹跳,力,75
房屋建筑,房屋,建筑,75
手机信号,手机,信号,75
散文诗,散文,诗,75
林业机械,林业,机械,75
火灾事故,火灾,事故,75
热门话题,热门,话题,75
燃气轮机,燃气,轮机,75
生物农药,,农药,75
画笔,画,笔,75
矿山,矿,山,75
篱笆墙,篱笆,墙,75
艺术流派,艺术,流派,75
银行存款,银行,存款,75
专职人员,专职,人员,76
业务素质,业务,素质,76
个人卫生,个人,卫生,76
产品种类,产品,种类,76
人事,人,事,76
侧门,侧,门,76
儿童乐园,儿童,乐园,76
公交系统,公交,系统,76
公交线路,,线路,76
力气,力,气,76
外科主任,外科,主任,76
娱乐圈,娱乐,圈,76
工笔画,工笔,画,76
律师论坛,律师,论坛,76
政治文明,政治,文明,76
橡胶树,橡胶,树,76
汉语拼音,汉语,拼音,76
电影票,电影,票,76
男子组,男子,组,76
皮岛,皮,岛,76
终端用户,终端,用户,76
网红店,网红,店,76
金牌得主,金牌,得主,76
金饭碗,金,饭碗,76
龙头企业,龙头,企业,76
县政府,县,政府,77
商品猪,商品,猪,77
声部,声,部,77
大气物理,大气,物理,77
家庭妇女,家庭,妇女,77
政务网,政务,网,77
政治体制,政治,体制,77
政治气候,政治,气候,77
教学内容,教学,内容,77
教育战线,教育,战线,77
日光温室,日光,温室,77
曲调,,调,77
本职工作,本职,工作,77
权威专家,权威,专家,77
江山,江,山,77
流感病毒,流感,病毒,77
火舌,火,舌,77
皮草,皮,草,77
种子公司,种子,公司,77
诗风,诗,风,77
财政负担,财政,负担,77
财经频道,财经,频道,77
铁矿石,铁,矿石,77
风云,风,云,77
香火,香,火,77
中国通史,中国,通史,78
书香,书,香,78
交通部门,交通,部门,78
公司法人,公司,法人,78
军事行动,军事,行动,78
原油价格,原油,价格,78
口才,口,才,78
口气,口,气,78
台湾同胞,台湾,同胞,78
团旗,团,旗,78
地面部队,地面,部队,78
工作细则,工作,细则,78
工资总额,工资,总额,78
彩色照片,彩色,照片,78
律师协会,律师,协会,78
新闻频道,新闻,频道,78
水利工程,水利,工程,78
灾区,灾,区,78
电光,电,光,78
电车,电,车,78
笔法,笔,法,78
网罗,网,罗,78
蔬菜基地,,基地,78
道德风险,道德,风险,78
鬼魂,鬼,魂,78
个人得失,个人,得失,79
乡木,乡,木,79
乡村干部,乡村,干部,79
产业政策,产业,政策,79
人手,人,手,79
军事实力,军事,实力,79
南瓜,南,瓜,79
土坯房,土坯,房,79
外地人,外地,人,79
工程地质,工程,地质,79
月经周期,月经,周期,79
机组人员,机组,人员,79
梨花,梨,花,79
气象卫星,气象,卫星,79
水球,水,球,79
汤锅,汤,锅,79
琴书,琴,书,79
科学素养,,素养,79
网络流量,网络,流量,79
舞厅,舞,厅,79
色调,色,调,79
行业龙头,行业,龙头,79
衙门作风,衙门,作风,79
证件号码,证件,号码,79
雪球,雪,球,79
事务部长,事务,部长,80
价值体系,价值,体系,80
体育院校,体育,院校,80
公司党委,公司,党委,80
势力范围,势力,范围,80
商业伙伴,商业,伙伴,80
商业区,商业,区,80
国家主权,国家,主权,80
地理坐标,地理,坐标,80
学习用品,学习,用品,80
山歌,山,歌,80
工程质量,工程,质量,80
年度计划,年度,计划,80
心事,心,事,80
政协会议,政协,会议,80
月份牌,月份,牌,80
核心内容,核心,内容,80
毒气,,气,80
汉字结构,汉字,结构,80
环境容量,环境,容量,80
田地,田,地,80
繁体字,繁体,字,80
自然村,自然,村,80
语文课,语文,课,80
门球,门,球,80
书国,书,国,81
人才队伍,,队伍,81
人民武装,人民,武装,81
信息网络,信息,网络,81
党国,党,国,81
公安民警,公安,民警,81
化工机械,化工,机械,81
名胜区,名胜,区,81
国力,国,力,81
国情,国,情,81
客户关系,客户,关系,81
客户经理,客户,经理,81
家电市场,家电,市场,81
导弹系统,导弹,系统,81
性能指标,性能,指标,81
战略地位,战略,地位,81
技术人员,技术,人员,81
法院院长,法院,院长,81
海路,海,路,81
灯塔,灯,塔,81
玫瑰花,玫瑰,花,81
私人生活,私人,生活,81
网络游戏,网络,游戏,81
风险投资,风险,投资,81
饮料店,饮料,店,81
业务流程,业务,流程,82
主体工程,主体,工程,82
后代人,后代,人,82
国库,国,库,82
山羊肉,山羊,肉,82
市场规律,市场,规律,82
市场需求,市场,需求,82
心房,心,房,82
房票,房,票,82
技术水平,技术,水平,82
政治立场,政治,立场,82
教学计划,,计划,82
数额,数,额,82
早点,早,点,82
油门,油,门,82
法律手段,法律,手段,82
电信公司,电信,公司,82
电瓶,电,瓶,82
病灶,病,灶,82
花生油,花生,油,82
钢材市场,钢材,市场,82
音调,音,调,82
项目经理,项目,经理,82
风土,风,土,82
人才需求,人才,需求,83
卫生条件,卫生,条件,83
墙画,墙,画,83
宗法观念,宗法,观念,83
客户名单,客户,名单,83
心眼,心,眼,83
数字地球,数字,地球,83
斑马线,斑马,线,83
星球,星,球,83
民族特色,民族,特色,83
火苗,火,苗,83
煤炭市场,煤炭,市场,83
痛风病,,病,83
科班出身,科班,出身,83
精品店,精品,店,83
羊肠小道,羊肠,小道,83
能源部长,能源,部长,83
船票,船,票,83
街门,街,门,83
货币汇率,货币,汇率,83
部门规章,部门,规章,83
金属材料,金属,材料,83
陨石坑,陨石,坑,83
颈椎病,颈椎,病,83
骨干分子,骨干,分子,83
主任委员,主任,委员,84
事业单位,事业,单位,84
会议议程,会议,议程,84
图像,图,像,84
地窖,地,窖,84
天色,天,色,84
学术论文,学术,论文,84
家属楼,家属,楼,84
年会,年,会,84
木炭,木,炭,84
核心思想,核心,思想,84
步枪,步,枪,84
水花,水,花,84
煤炭企业,煤炭,企业,84
牦牛肉,牦牛,肉,84
电台,电,台,84
眼光,眼,光,84
篮球联赛,,联赛,84
职工群众,职工,群众,84
花瓶,花,瓶,84
草桥,草,桥,84
贸易规模,贸易,规模,84
路灯,路,灯,84
身份证明,身份,证明,84
门锁,门,锁,84
上级领导,上级,领导,85
信贷政策,信贷,政策,85
商业贷款,商业,贷款,85
图书奖,图书,奖,85
天理,天,理,85
戏院,,院,85
数据服务,数据,服务,85
柴油车,柴油,车,85
气泡,气,泡,85
水果店,水果,店,85
河道,河,道,85
电瓶车,电瓶,车,85
神色,神,色,85
纸面,纸,面,85
经典作家,经典,作家,85
经济圈,经济,圈,85
群众观点,群众,观点,85
芝麻官,芝麻,官,85
英雄气概,英雄,气概,85
菜刀,菜,刀,85
行为人,行为,人,85
议会上院,议会,上院,85
边疆地区,边疆,地区,85
队伍素质,队伍,素质,85
首都机场,首都,机场,85
交通状况,交通,状况,86
南边,南,边,86
围棋比赛,围棋,比赛,86
城乡居民,城乡,居民,86
外交人员,,人员,86
天气现象,天气,现象,86
媒体报道,媒体,报道,86
底价,底,价,86
技工学校,技工,学校,86
政治权利,政治,权利,86
文化底蕴,文化,底蕴,86
森林资源,森林,资源,86
水力资源,水力,资源,86
油票,油,票,86
环境卫生,环境,卫生,86
球星,球,星,86
生活舱,生活,舱,86
百货商场,百货,商场,86
目标群体,目标,群体,86
蒸汽机车,蒸汽,机车,86
车门,车,门,86
金字招牌,金字,招牌,86
金属表面,金属,表面,86
铁水,铁,水,86
鸡蛋,鸡,蛋,86
专科门诊,专科,门诊,87
个人兴趣,个人,兴趣,87
信贷风险,信贷,风险,87
军事基地,军事,基地,87
农业产业,农业,产业,87
团费,团,费,87
土地储备,土地,储备,87
市场动态,市场,动态,87
市镇,市,镇,87
律师团,律师,团,87
德育工作,德育,工作,87
文化名人,文化,名人,87
时事政治,时事,政治,87
核酸,核,酸,87
河床,河,床,87
电器设备,电器,设备,87
移民城市,移民,城市,87
税收政策,税收,政策,87
粮油,粮,油,87
组织生活,组织,生活,87
花草,,草,87
蚕灯,蚕,灯,87
血液制品,血液,制品,87
财政支出,财政,支出,87
长期贷款,长期,贷款,87
东风,东,风,88
企业信用,企业,信用,88
商业道德,商业,道德,88
店家,店,家,88
战略重点,战略,重点,88
本质属性,本质,属性,88
机械设备,机械,设备,88
植物种子,植物,种子,88
气象条件,气象,条件,88
治安案件,治安,案件,88
牛皮,牛,皮,88
现代诗,现代,诗,88
皮球,皮,球,88
眼球,眼,球,88
知识结构,知识,结构,88
管线,,线,88
美国签证,美国,签证,88
羽毛球,羽毛,球,88
色狼,色,狼,88
西边,西,边,88
财政补贴,财政,补贴,88
钢枪,钢,枪,88
钢铁价格,钢铁,价格,88
非洲人,非洲,人,88
鱼货,鱼,货,88
业务部门,业务,部门,89
体育产业,体育,产业,89
信用制度,信用,制度,89
区间,区,间,89
医学教育,医学,教育,89
家庭旅馆,家庭,旅馆,89
屋门,屋,门,89
布包,布,包,89
心地,心,地,89
戏党,戏,党,89
气象部门,气象,部门,89
法国总理,法国,总理,89
火线,火,线,89
生活区,生活,区,89
矿物油,矿物,油,89
种子选手,种子,选手,89
羊头,羊,头,89
老年人,老年,人,89
菜窖,菜,窖,89
蔬菜种子,蔬菜,种子,89
角膜,角,膜,89
议会党团,议会,党团,89
轨道交通,轨道,交通,89
门楼,门,楼,89
集体经济,,经济,89
世界冠军,世界,冠军,90
信息网,信息,网,90
党旗,党,旗,90
军网,军,网,90
农村党员,农村,党员,90
图书,图,书,90
媒体广告,媒体,广告,90
工程机械,工程,机械,90
成果奖,成果,奖,90
房卡,房,卡,90
时代特色,时代,特色,90
生态园林,生态,园林,90
电力企业,电力,企业,90
纪律处分,纪律,处分,90
线路图,线路,图,90
网络体系,网络,体系,90
耳环,耳,环,90
茶路,茶,路,90
钢材价格,钢材,价格,90
锌元素,锌,元素,90
门牌号码,,号码,90
风声,风,声,90
风电,风,电,90
饮食习惯,饮食,习惯,90
龙虾,龙,虾,90
个人资料,个人,资料,91
中年人,中年,人,91
会计工作,会计,工作,91
内部人员,内部,人员,91
功德,功,德,91
大学校园,大学,校园,91
尘肺病,尘肺,病,91
屋顶花园,屋顶,花园,91
故事梗概,,梗概,91
服装市场,服装,市场,91
森林公园,森林,公园,91
民族服饰,民族,服饰,91
河槽,河,槽,91
王室,王,室,91
班底,班,底,91
电气,电,气,91
眼病,眼,病,91
神鬼,神,鬼,91
茶水,茶,水,91
菜油,菜,油,91
责任保险,责任,保险,91
铁路,铁,路,91
音量,音,量,91
马路,马,路,91
信号,信,号,92
信用卡,信用,卡,92
冰鞋,冰,鞋,92
动物化石,动物,化石,92
北边,北,边,92
国歌,国,歌,92
山水画,山水,画,92
工业国,工业,国,92
情事,情,事,92
手笔,手,笔,92
文化课,文化,课,92
核心技术,核心,技术,92
治安状况,治安,状况,92
猪肚,猪,肚,92
环节,环,节,92
电视观众,电视,观众,92
病区,病,区,92
病床,,床,92
眉毛,眉,毛,92
科学杂志,科学,杂志,92
篮板球,篮板,球,92
精神状态,精神,状态,92
蒜苗,蒜,苗,92
门下,门,下,92
专项资金,专项,资金,93
书房,书,房,93
亲戚关系,亲戚,关系,93
关税,关,税,93
后方,后,方,93
园林建筑,园林,建筑,93
地利,地,利,93
字号,字,号,93
屁股,屁,股,93
工作实绩,工作,实绩,93
手工课,手工,课,93
期货价格,期货,价格,93
水草,水,草,93
火力网,火力,网,93
煤气罐,煤气,罐,93
物流园区,物流,园区,93
环境噪声,环境,噪声,93
网络服务,网络,服务,93
职称外语,职称,外语,93
舞台艺术,舞台,艺术,93
西侧,西,侧,93
足球联赛,足球,联赛,93
领导批示,领导,批示,93
风情画,风情,画,93
饼馅,,馅,93
个人用户,个人,用户,94
主题词,主题,词,94
书法艺术,书法,艺术,94
书画,书,画,94
区政府,区,政府,94
外部,外,部,94
家庭成员,家庭,成员,94
工资制度,工资,制度,94
当代艺术,当代,艺术,94
技术学校,技术,学校,94
文件精神,文件,精神,94
核心,核,心,94
民俗文化,民俗,文化,94
水声,水,声,94
油价,油,价,94
牛棚,,棚,94
环境效益,环境,效益,94
班车,班,车,94
社会阶层,社会,阶层,94
福气,福,气,94
科技领域,科技,领域,94
老鼠屎,老鼠,屎,94
药力,药,力,94
质量标准,质量,标准,94
银行信贷,银行,信贷,94
中国戏曲,中国,戏曲,95
产业区,产业,区,95
价格水平,价格,水平,95
伙伴国,伙伴,国,95
国宝,国,宝,95
大会决议,大会,决议,95
大学本科,,本科,95
工业废水,工业,废水,95
工作人员,工作,人员,95
性格特征,性格,特征,95
方圆,方,圆,95
水资源,水,资源,95
汗水,汗,水,95
洞头,洞,头,95
炕头,炕,头,95
煤烟,煤,烟,95
用户数量,用户,数量,95
病菌,病,菌,95
矛头,矛,头,95
知识分子,知识,分子,95
羊肚,羊,肚,95
背心,背,心,95
视频短片,视频,短片,95
金融业务,金融,业务,95
鸡血,鸡,血,95
东边,,边,96
个人消费,个人,消费,96
中国画,中国,画,96
中音,中,音,96
书面,书,面,96
农家饭,农家,饭,96
剪刀,剪,刀,96
功能模块,功能,模块,96
动力舱,动力,舱,96
外债,外,债,96
学业成绩,学业,成绩,96
学生党员,学生,党员,96
少年班,少年,班,96
广播节目,广播,节目,96
文化部长,文化,部长,96
江湖,江,湖,96
海港,海,港,96
社会保险,社会,保险,96
胶泥,胶,泥,96
血汗钱,血汗,钱,96
财务报告,财务,报告,96
足球赛事,足球,赛事,96
邻里关系,邻里,关系,96
鸡蛋花,鸡蛋,花,96
人力车,人力,车,97
人马,人,马,97
关山,关,山,97
创伤外科,创伤,外科,97
商业广告,商业,广告,97
外力,外,力,97
天命,天,命,97
客户服务,客户,服务,97
数学教师,数学,教师,97
文化公园,文化,公园,97
演员阵容,演员,阵容,97
漫画作品,漫画,作品,97
玉米,玉,米,97
盆地,盆,地,97
神殿,神,殿,97
科学事业,科学,事业,97
科学认识,,认识,97
科普知识,科普,知识,97
精品课,精品,课,97
职业生涯,职业,生涯,97
西南,西,南,97
边际效应,边际,效应,97
金融服务,金融,服务,97
铁矿,铁,矿,97
风水,风,水,97
世界遗产,世界,遗产,98
乡草,,草,98
书画名家,书画,名家,98
儿童图书,儿童,图书,98
公民道德,公民,道德,98
国光,国,光,98
国土资源,国土,资源,98
天国,天,国,98
学校食堂,学校,食堂,98
小农经济,小农,经济,98
弹簧门,弹簧,门,98
文学语言,文学,语言,98
水井,水,井,98
油卡,油,卡,98
油市,油,市,98
泥土,泥,土,98
火气,火,气,98
电力行业,电力,行业,98
矿工,矿,工,98
硕士学位,硕士,学位,98
纸电,纸,电,98
脑洞,脑,洞,98
财政收支,财政,收支,98
金融危机,金融,危机,98
黑客技术,黑客,技术,98
个人账户,个人,账户,99
军民关系,军民,关系,99
刀子嘴,,嘴,99
国防力量,国防,力量,99
国风,国,风,99
地形图,地形,图,99
外电,外,电,99
层级,层,级,99
山村,山,村,99
心声,心,声,99
情书,情,书,99
教学方式,教学,方式,99
教师工资,教师,工资,99
教师职业,教师,职业,99
数据信号,数据,信号,99
核心成员,核心,成员,99
电子政务,电子,政务,99
粉笔,粉,笔,99
药房,药,房,99
行列,行,列,99
财产权利,财产,权利,99
金融公司,金融,公司,99
钢铁公司,钢铁,公司,99
风车,风,车,99
餐饮店,餐饮,店,99
世界潮流,世界,潮流,100
书屋,书,屋,100
书画艺术,书画,艺术,100
人员伤亡,人员,伤亡,100
公海自由,公海,自由,100
厂方,厂,方,100
处所,处,所,100
字头,字,头,100
学术观点,学术,观点,100
心药,心,药,100
技术水准,技术,水准,100
文艺思想,文艺,思想,100
民意基础,民意,基础,100
汽车集团,汽车,集团,100
物质条件,物质,条件,100
生态区域,生态,区域,100
电灯,电,灯,100
省区,省,区,100
石头路,石头,路,100
精神力量,,力量,100
纸钱,纸,钱,100
职能部门,职能,部门,100
车牌,车,牌,100
轮船,轮,船,100
铜牌,铜,牌,100
体育场馆,体育,场馆,101
关卡,关,卡,101
军区,军,区,101
剧组,剧,组,101
博士学位,博士,学位,101
口角,口,角,101
命题,命,题,101
城市道路,城市,道路,101
城门,,门,101
基础架构,基础,架构,101
外汇交易,外汇,交易,101
手背,手,背,101
报案人,报案,人,101
本质区别,本质,区别,101
横店集团,横店,集团,101
歌剧,歌,剧,101
浪潮,浪,潮,101
火电站,火电,站,101
电力设施,电力,设施,101
空军基地,空军,基地,101
经济损失,经济,损失,101
能源动力,能源,动力,101
药事,药,事,101
首脑机关,首脑,机关,101
马车,马,车,101
乡镇党委,乡镇,党委,102
交管部门,交管,部门,102
供销合同,供销,合同,102
党员队伍,党员,队伍,102
公交车站,公交,车站,102
利润总额,利润,总额,102
前沿科学,前沿,科学,102
功力,功,力,102
医药行业,医药,行业,102
国际威望,国际,威望,102
大学校长,,校长,102
姓氏笔画,姓氏,笔画,102
学术报告,学术,报告,102
文化村,文化,村,102
歌声,歌,声,102
毒药,毒,药,102
民政部门,民政,部门,102
烟草,烟,草,102
电信网,电信,网,102
界面,界,面,102
石油部长,石油,部长,102
科技队伍,科技,队伍,102
货船,货,船,102
铜矿,铜,矿,102
雨棚,雨,棚,102
上方,上,方,103
人口密度,人口,密度,103
体育明星,体育,明星,103
体育老师,体育,老师,103
体育频道,体育,频道,103
农村妇女,农村,妇女,103
印章,印,章,103
国会议员,国会,议员,103
土壤水,土壤,水,103
工业产值,工业,产值,103
工程项目,工程,项目,103
弟妹,弟,妹,103
手下,手,下,103
政法干部,政法,干部,103
数据系统,数据,系统,103
文化馆,文化,馆,103
文职人员,文职,人员,103
文艺作品,文艺,作品,103
时间尺度,时间,尺度,103
案件线索,案件,线索,103
民间文学,民间,文学,103
法制观念,法制,观念,103
海边,海,边,103
雷雨,雷,雨,103
饭菜,,菜,103
书卷气,书卷,气,104
云层,云,层,104
作品版权,作品,版权,104
公安分局,公安,分局,104
刀剑,刀,剑,104
历史使命,历史,使命,104
国际标准,国际,标准,104
奶粉,奶,粉,104
局部利益,局部,利益,104
工资待遇,工资,待遇,104
思想境界,思想,境界,104
教师队伍,教师,队伍,104
数据结构,数据,结构,104
文化部门,文化,部门,104
时代特点,时代,特点,104
水利电力,水利,电力,104
治安部门,治安,部门,104
法律事务,法律,事务,104
环境压力,环境,压力,104
私人资本,私人,资本,104
美工,美,工,104
部属院校,部属,院校,104
钢铁行业,钢铁,行业,104
面额,面,额,104
马头,,头,104
产业革命,产业,革命,105
农家菜,农家,菜,105
协会理事,协会,理事,105
台湾人,台湾,人,105
国药,,药,105
垃圾邮件,垃圾,邮件,105
天才,天,才,105
工业体系,工业,体系,105
工程图纸,工程,图纸,105
市价,市,价,105
报告文学,报告,文学,105
时代背景,时代,背景,105
楼面,楼,面,105
火魔,火,魔,105
版权,版,权,105
牙科,牙,科,105
眼科,眼,科,105
线图,线,图,105
网络新闻,网络,新闻,105
色情网站,色情,网站,105
营养食品,营养,食品,105
足球比赛,足球,比赛,105
门人,门,人,105
门道,门,道,105
马桶,马,桶,105
会员单位,会员,单位,106
体育事业,体育,事业,106
公安机关,公安,机关,106
军法,军,法,106
医科,医,科,106
国画,国,画,106
土地,土,地,106
头皮,头,皮,106
山羊,山,羊,106
山路,山,路,106
底层,底,层,106
教学质量,教学,质量,106
月光,月,光,106
机电设备,机电,设备,106
毒蛇,毒,蛇,106
汽车座椅,汽车,座椅,106
电子行业,电子,行业,106
电站设备,电站,设备,106
皮纸,皮,纸,106
花色,,色,106
药水,药,水,106
试管婴儿,试管,婴儿,106
诗歌,诗,歌,106
高校教师,高校,教师,106
鸡肉,鸡,肉,106
东南,,南,107
个人冠军,个人,冠军,107
中央空调,中央,空调,107
保险业务,保险,业务,107
功利,功,利,107
实质问题,实质,问题,107
屋面,屋,面,107
山河,山,河,107
年终总结,年终,总结,107
手机号码,手机,号码,107
技术难题,技术,难题,107
指法,指,法,107
政务官,政务,官,107
棋牌,棋,牌,107
法学博士,法学,博士,107
海底,海,底,107
淡水湖,淡水,湖,107
理论修养,理论,修养,107
生物医药,生物,医药,107
电子元件,电子,元件,107
绩效奖金,绩效,奖金,107
肉眼,肉,眼,107
股东权益,股东,权益,107
药酒,药,酒,107
视频文件,视频,文件,107
