Number of participant;Participant ID;Age (in years);Gender (F/M);Education (Secondary/Tertiary);Handedness (R/L);Countries of residence excluding Greece;Years spent in countries of residence (excluding Greece); minimum time abroad: 4 years);Acceptability judgment (Correct/Neither/Wrong);Reaction time in ms;Acceptability judgment (Correct/Neither/Wrong);Reaction time in ms;Acceptability judgment (Correct/Neither/Wrong);Reaction time in ms;Acceptability judgment (Correct/Neither/Wrong);Reaction time in ms;Acceptability judgment (Correct/Neither/Wrong);Reaction time in ms;Acceptability judgment (Correct/Neither/Wrong);Reaction time in ms;Acceptability judgment (Correct/Neither/Wrong);Reaction time in ms;Acceptability judgment (Correct/Neither/Wrong);Reaction time in ms;Acceptability judgment (Correct/Neither/Wrong);Reaction time in ms;Acceptability judgment (Correct/Neither/Wrong);Reaction time in ms;Acceptability judgment (Correct/Neither/Wrong);Reaction time in ms;Acceptability judgment (Correct/Neither/Wrong);Reaction time in ms;Acceptability judgment (Correct/Neither/Wrong);Reaction time in ms;Acceptability judgment (Correct/Neither/Wrong);Reaction time in ms;Acceptability judgment (Correct/Neither/Wrong);Reaction time in ms;Acceptability judgment (Correct/Neither/Wrong);Reaction time in ms;Acceptability judgment (Correct/Neither/Wrong);Reaction time in ms;Acceptability judgment (Correct/Neither/Wrong);Reaction time in ms;Acceptability judgment (Correct/Neither/Wrong);Reaction time in ms;Acceptability judgment (Correct/Neither/Wrong);Reaction time in ms;Acceptability judgment (Correct/Neither/Wrong);Reaction time in ms;Acceptability judgment (Correct/Neither/Wrong);Reaction time in ms;Acceptability judgment (Correct/Neither/Wrong);Reaction time in ms;Acceptability judgment (Correct/Neither/Wrong);Reaction time in ms;Acceptability judgment (Correct/Neither/Wrong);Reaction time in ms;Acceptability judgment (Correct/Neither/Wrong);Reaction time in ms;Acceptability judgment (Correct/Neither/Wrong);Reaction time in ms;Acceptability judgment (Correct/Neither/Wrong);Reaction time in ms;Acceptability judgment (Correct/Neither/Wrong);Reaction time in ms;Acceptability judgment (Correct/Neither/Wrong);Reaction time in ms,,,
1;bbfd142cd94275252503ca4fdb721607;35;Male;Tertiary;L;Sweden;9;Correct;3302;Correct;5126;Neither;5715;Neither;3847;Correct;4486;Correct;1743;Correct;3633;Neither;2046;Correct;2994;Correct;2271;Correct;3981;Correct;4032;Neither;5427;Correct;2360;Neither;4820;Correct;3288;Correct;8980;Wrong;5576;Correct;3552;Wrong;4646;Correct;7369;Wrong;5062;Correct;5644;Wrong;6541;Wrong;2408;Wrong;4327;Wrong;6422;Wrong;4670;Wrong;2574;Wrong;2463,,,
2;017ff06bc0999cef6b71f74df472e493;37;Female;Tertiary;R;Sweden;7;Correct;1081;Correct;1332;Correct;1282;Correct;2704;Correct;2731;Correct;2730;Correct;1401;Correct;2111;Correct;3197;Correct;1311;Correct;4419;Correct;1411;Correct;1595;Correct;2371;Correct;2007;Correct;5668;Neither;7907;Correct;3644;Correct;5788;Correct;2101;Correct;1477;Correct;2137;Correct;1727;Correct;3820;Neither;5465;Correct;1623;Correct;1407;Neither;5067;Correct;3626;Correct;2365,,,
3;1c14528d3e412b3b6ac03e048534ab94;51;Female;Tertiary;R;Sweden;27;Correct;4777;Correct;3254;Correct;2737;Correct;2612;Correct;3377;Correct;2725;Correct;3121;Correct;3557;Correct;3342;Correct;2815;Correct;3116;Correct;3449;Correct;4315;Correct;2644;Neither;6049;Wrong;8976;Correct;8443;Wrong;4021;Correct;5516;Correct;3841;Wrong;6265;Wrong;3288;Wrong;2783;Wrong;5216;Wrong;3571;Wrong;4029;Wrong;3723;Wrong;3993;Wrong;3214;Wrong;4342,,,
4;1a8428686fdc834514b0eaa9fc91504b;39;Female;Tertiary;R;Sweden;21;Correct;3860;Correct;14511;Wrong;18296;Wrong;14149;Correct;7023;Correct;11899;Correct;3108;Wrong;12774;Wrong;4360;Correct;11986;Correct;4928;Correct;5412;Correct;9023;Correct;5297;Neither;14049;Correct;8881;Correct;22349;Wrong;8663;Wrong;8998;Wrong;12287;Wrong;11361;Wrong;8418;Correct;8448;Wrong;20888;Wrong;17601;Wrong;19385;Wrong;15691;Wrong;13350;Wrong;22825;Correct;4690,,,
5;8bd21f644709ab64fb83be9f22a08d4f;52;Female;Tertiary;R;Sweden;13;Correct;2648;Correct;2913;Correct;5399;Correct;2330;Correct;1445;Correct;2327;Neither;8042;Correct;1693;Correct;4595;Correct;3120;Correct;1919;Correct;2468;Correct;4708;Correct;2358;Correct;2396;Wrong;2792;Wrong;4118;Wrong;3096;Correct;2602;Correct;3002;Wrong;3371;Wrong;3017;Wrong;3015;Wrong;3714;Wrong;5727;Wrong;4592;Wrong;4009;Wrong;4867;Wrong;6127;Wrong;2504,,,
6;8d4e91ccd7cf7b3c7c46b46b38f06027;31;Male;Tertiary;R;Sweden, Germany;8;Wrong;3533;Wrong;2336;Wrong;11244;Wrong;3492;Wrong;2479;Wrong;6874;Wrong;5500;Wrong;2438;Wrong;2409;Wrong;2023;Correct;1813;Correct;7268;Correct;2724;Correct;2217;Correct;10749;Wrong;5535;Wrong;5324;Wrong;2754;Wrong;7348;Wrong;9201;Wrong;3143;Correct;4387;Wrong;3896;Wrong;3295;Wrong;4111;Wrong;4303;Wrong;5108;Wrong;3260;Wrong;4244;Wrong;6504,,
7;c68063419015e086c0b70aa6cf75ffed;32;Female;Tertiary;R;Sweden;6;Correct;1804;Correct;1780;Wrong;1841;Wrong;4226;Correct;2161;Correct;1909;Wrong;3415;Correct;2778;Wrong;8313;Correct;1786;Correct;2475;Correct;2203;Correct;1881;Correct;1546;Correct;2265;Wrong;2668;Wrong;2877;Wrong;1433;Correct;2015;Correct;1946;Wrong;1705;Wrong;2304;Wrong;2741;Wrong;4088;Wrong;1986;Correct;2161;Correct;4030;Wrong;5691;Wrong;1885;Wrong;3204,,,
8;111322a7b6a78b452b12058025e701a0;41;Female;Tertiary;R;Italy, Sweden;13;Wrong;1585;Wrong;7161;Wrong;6390;Wrong;3185;Wrong;5093;Wrong;9415;Wrong;8449;Wrong;3759;Wrong;1337;Wrong;3589;Correct;1794;Correct;6177;Correct;4905;Neither;2798;Wrong;10755;Wrong;3767;Wrong;3601;Wrong;5911;Wrong;6831;Correct;2162;Wrong;2497;Wrong;2092;Correct;4172;Neither;6490;Wrong;14606;Wrong;4341;Wrong;4855;Neither;11821;Wrong;4878;Wrong;4546,,
9;77a9cb26990e18e6d35299e6cdba5927;36;Male;Tertiary;L;Sweden;8;Neither;5573;Wrong;5940;Wrong;3209;Wrong;2944;Wrong;3631;Wrong;8460;Neither;3307;Wrong;8781;Wrong;8161;Wrong;4382;Correct;4037;Correct;4740;Correct;2874;Correct;5798;Correct;6612;Wrong;4430;Wrong;5843;Wrong;3788;Correct;3616;Wrong;5507;Wrong;5562;Wrong;3219;Wrong;3611;Wrong;7445;Wrong;7615;Wrong;4717;Wrong;4284;Wrong;5634;Wrong;5464;Wrong;3890,,,
10;61645fd6eb5c3f148a3d577c3c7d9a69;50;Male;Tertiary;R;Sweden;29;Wrong;2622;Wrong;3034;Wrong;1945;Wrong;2100;Wrong;4470;Wrong;1966;Wrong;3843;Wrong;2680;Wrong;1748;Wrong;1899;Neither;4667;Correct;7098;Correct;2630;Correct;2096;Correct;3396;Correct;2823;Wrong;4939;Correct;4216;Correct;3293;Correct;3143;Wrong;1580;Wrong;3345;Correct;2459;Wrong;4119;Wrong;2192;Wrong;2602;Wrong;2809;Wrong;3696;Wrong;4040;Wrong;3151,,,
11;e1804e04a76809d94328e5b5fb9dadeb;37;Female;Tertiary;R;Sweden, Italy;16;Wrong;1899;Wrong;3921;Wrong;5367;Wrong;3350;Wrong;2859;Wrong;3093;Wrong;3120;Wrong;4422;Wrong;2249;Wrong;3560;Correct;2670;Correct;2667;Correct;3963;Correct;1919;Correct;2911;Wrong;4328;Wrong;4456;Wrong;2342;Wrong;4827;Wrong;3890;Wrong;4303;Wrong;5572;Wrong;2667;Wrong;5296;Wrong;3120;Wrong;4586;Wrong;2590;Wrong;2688;Wrong;5661;Wrong;2440,,
12;bca30bc990338a6ab4b046731ee77a1d;31;Female;Tertiary;R;Sweden;4;Wrong;3373;Wrong;4556;Wrong;8924;Correct;2886;Wrong;2796;Wrong;6598;Wrong;11486;Wrong;3948;Wrong;10227;Wrong;10775;Correct;5264;Correct;2955;Correct;8129;Correct;7034;Neither;5017;Wrong;3110;Correct;6166;Wrong;4476;Wrong;5492;Wrong;4263;Wrong;3065;Wrong;7192;Wrong;5644;Wrong;2954;Wrong;5121;Wrong;6679;Wrong;10706;Wrong;11940;Wrong;5627;Wrong;14055,,,
13;648b9fd61d9677d6473f4b75cbfec68b;21;Female;Tertiary;R;Sweden;4;Correct;3016;Neither;2471;Wrong;1536;Wrong;2504;Neither;2172;Neither;3826;Neither;2915;Wrong;3169;Wrong;4265;Wrong;6380;Correct;2438;Correct;6442;Correct;3418;Correct;3202;Correct;1791;Wrong;2967;Correct;6249;Wrong;8964;Wrong;2174;Correct;2664;Wrong;5063;Wrong;3174;Wrong;2219;Wrong;1481;Wrong;2654;Wrong;3380;Correct;5874;Wrong;2139;Wrong;3637;Wrong;3940,,,
14;b790d5eb00fa688153c8a2747111b8c2;36;Female;Tertiary;R;Sweden;6;Wrong;2306;Wrong;2121;Neither;5183;Wrong;5346;Wrong;8189;Wrong;2325;Wrong;3170;Wrong;5070;Neither;5770;Wrong;1668;Neither;6358;Correct;5855;Correct;3427;Correct;2197;Correct;9870;Wrong;7610;Correct;6235;Wrong;5380;Wrong;4240;Wrong;7527;Wrong;4263;Wrong;6109;Correct;7201;Wrong;6266;Wrong;9958;Wrong;4479;Wrong;5247;Wrong;3565;Wrong;2719;Wrong;4465,,,
15;9e5cf420fdc89ec3cfb3c5d75cf9f402;61;Male;Tertiary;R;Sweden;42;Correct;4407;Correct;2032;Correct;4788;Correct;2669;Correct;2899;Neither;3100;Neither;3571;Correct;1620;Correct;2366;Correct;2690;Correct;1957;Correct;4950;Correct;2284;Correct;1854;Correct;3749;Neither;4500;Correct;3889;Wrong;2237;Correct;3866;Correct;1788;Wrong;3309;Correct;2671;Correct;3095;Neither;3455;Correct;3962;Wrong;6673;Neither;2823;Neither;4691;Wrong;3545;Wrong;4824,,,
16;5a76e896fb6a4c68c18bb63bbf615f89;36;Male;Tertiary;R;Sweden;9;Correct;2603;Correct;3548;Correct;2219;Correct;3207;Correct;16124;Correct;1903;Correct;4326;Correct;7991;Correct;7947;Correct;3046;Correct;2288;Correct;3765;Correct;3423;Correct;3877;Correct;6485;Wrong;4027;Wrong;2500;Wrong;2601;Wrong;3523;Wrong;3529;Wrong;2245;Wrong;2787;Wrong;2977;Wrong;5117;Wrong;6682;Wrong;4692;Wrong;2970;Wrong;3826;Wrong;3781;Wrong;3333,,,
17;6d4a820b021a31d3f5628785497cb4a9;34;Female;Tertiary;R;Denmark;4;Wrong;2237;Wrong;5672;Wrong;2418;Wrong;3358;Wrong;3422;Wrong;2981;Wrong;1929;Wrong;3639;Wrong;4090;Wrong;1936;Correct;2966;Correct;4225;Correct;2791;Correct;2525;Wrong;4975;Wrong;3444;Correct;9089;Correct;4014;Wrong;5804;Wrong;5464;Wrong;2418;Wrong;3387;Wrong;3566;Wrong;4958;Wrong;3404;Wrong;6161;Wrong;2956;Wrong;4805;Wrong;7427;Wrong;6232,,,
18;90b4039698271324325816a68090a9a6;29;Female;Tertiary;L;Denmark;5;Correct;2947;Correct;1691;Correct;1873;Correct;3401;Correct;2411;Correct;1743;Correct;2987;Correct;3695;Wrong;5034;Correct;3152;Correct;3939;Correct;3292;Correct;2907;Correct;2030;Correct;2297;Correct;4235;Wrong;4824;Wrong;5320;Wrong;2873;Wrong;8032;Wrong;6108;Wrong;5203;Wrong;6320;Wrong;2345;Wrong;2853;Wrong;6186;Wrong;10643;Neither;5187;Wrong;3712;Neither;6453,,,
19;e2f7151f49f11d6ac5e89fbab2bbe2f4;28;Female;Tertiary;R;Denmark;5;Correct;4368;Wrong;1831;Wrong;2559;Wrong;2428;Neither;7718;Correct;3350;Correct;2958;Wrong;2737;Wrong;2173;Wrong;3599;Correct;3341;Correct;2776;Correct;3974;Correct;2038;Correct;5169;Wrong;3423;Wrong;3318;Wrong;11703;Wrong;3687;Correct;2878;Wrong;4951;Wrong;3402;Wrong;4407;Wrong;2334;Wrong;3040;Wrong;4234;Wrong;6163;Wrong;3829;Wrong;9679;Wrong;3959,,,
20;6cda25865306d9ab1cd61d5b35322d7a;37;Male;Tertiary;R;Denmark;5;Wrong;3406;Neither;10931;Wrong;3850;Wrong;6461;Wrong;4821;Wrong;2006;Neither;10555;Wrong;2254;Wrong;5473;Wrong;4626;Correct;8091;Neither;11641;Correct;6897;Correct;8481;Correct;5079;Wrong;5306;Wrong;5119;Wrong;9482;Wrong;7177;Wrong;5069;Wrong;3468;Wrong;2147;Wrong;9252;Wrong;5486;Wrong;4355;Wrong;6170;Wrong;4926;Wrong;2258;Wrong;5723;Wrong;3921,,,
21;a33f8c84ea92caeea2d2cb2b77fd3067;36;Male;Tertiary;R;Denmark, UK;5;Wrong;2140;Wrong;2591;Wrong;2189;Wrong;2238;Wrong;6312;Wrong;10814;Wrong;2366;Wrong;5020;Wrong;9178;Wrong;2838;Correct;8206;Neither;12648;Correct;9101;Correct;5860;Correct;3600;Wrong;9928;Wrong;3751;Wrong;4467;Wrong;4774;Wrong;6035;Wrong;3153;Wrong;2196;Neither;14342;Wrong;7649;Wrong;4049;Wrong;5127;Wrong;8043;Wrong;3344;Wrong;3142;Wrong;5661,,
22;6b354978a7407b1ed072ff7afa63f790;36;Female;Tertiary;R;Sweden;6;Correct;2385;Correct;3839;Correct;2470;Correct;2248;Correct;3768;Correct;3056;Correct;4376;Correct;9905;Correct;2967;Correct;1623;Correct;1353;Wrong;6031;Correct;7865;Correct;1353;Wrong;11118;Correct;5561;Wrong;5176;Wrong;5223;Wrong;3889;Wrong;2896;Wrong;4752;Wrong;8134;Wrong;4849;Neither;17654;Wrong;3555;Wrong;3207;Wrong;9150;Wrong;4056;Wrong;3968;Wrong;8245,,,
23;ae517119781802b58e596ea4de47947a;30;Male;Tertiary;R;Denmark;4;Wrong;4253;Wrong;3855;Wrong;5591;Wrong;3205;Wrong;10246;Correct;5689;Wrong;4836;Neither;4187;Neither;4222;Wrong;5930;Correct;2567;Correct;2958;Correct;4717;Correct;3297;Correct;3130;Wrong;4224;Wrong;3141;Wrong;6643;Wrong;7255;Wrong;7814;Wrong;4178;Wrong;3823;Wrong;4285;Wrong;5580;Neither;11979;Neither;6557;Correct;8923;Neither;5306;Wrong;3016;Wrong;5420,,,
24;ddd1d7dc9abdc13bc41c8b4a4d0fadc3;30;Male;Tertiary;R;Denmark;4;Wrong;7185;Wrong;6784;Wrong;2861;Wrong;12322;Wrong;8787;Wrong;3557;Wrong;10222;Wrong;5308;Wrong;4156;Wrong;4954;Correct;3782;Correct;3125;Correct;3485;Correct;3080;Correct;19077;Wrong;14371;Wrong;5312;Wrong;6655;Wrong;4038;Correct;5160;Wrong;2830;Wrong;3674;Correct;4851;Wrong;11112;Wrong;6717;Wrong;7221;Wrong;8727;Wrong;10199;Wrong;6587;Wrong;5421,,,
25;b504a8d254a468e8b09da46c085892bf;60;Female;Tertiary;R;Australia;14;Correct;4475;Wrong;13264;Wrong;10653;Wrong;3150;Wrong;35105;Correct;2757;Correct;5688;Wrong;15728;Wrong;3025;Wrong;8346;Correct;3255;Correct;2521;Correct;4816;Correct;2637;Correct;6163;Wrong;6772;Wrong;8709;Wrong;12947;Wrong;7862;Wrong;5947;Wrong;4708;Wrong;3166;Wrong;5882;Wrong;3653;Wrong;7943;Wrong;4650;Wrong;6236;Wrong;2341;Wrong;4541;Wrong;7513,,,
26;2ec6b31e13ac75ac4f63026bab6798b2;35;Male;Tertiary;R;UK;10;Wrong;4360;Wrong;2515;Wrong;4131;Correct;12403;Wrong;3322;Wrong;10652;Wrong;7676;Wrong;4707;Wrong;2491;Wrong;4078;Correct;4919;Wrong;11409;Wrong;7392;Correct;27481;Correct;3633;Correct;5255;Wrong;18863;Wrong;9321;Correct;4869;Wrong;7982;Wrong;3172;Wrong;6832;Wrong;6172;Neither;7824;Wrong;4826;Neither;6093;Wrong;3746;Neither;7131;Wrong;7248;Neither;8022,,,
27;fd6a81c70fd1139ac9a809726c286258;35;Male;Tertiary;R;Sweden;6;Wrong;24800;Wrong;17035;Wrong;9395;Wrong;12248;Wrong;20291;Wrong;8749;Wrong;17434;Wrong;6936;Wrong;5756;Wrong;13220;Correct;11371;Correct;30693;Correct;7165;Correct;18303;Neither;33711;Correct;29519;Correct;14125;Neither;44949;Correct;13303;Wrong;46879;Wrong;6660;Wrong;18211;Neither;46778;Wrong;11328;Wrong;9181;Wrong;12812;Wrong;16303;Wrong;9149;Wrong;6422;Wrong;15346,,,
28;bb6a9e16e901714cb4f7071991082376;34;Female;Tertiary;R;Norway;7;Wrong;2510;Wrong;2330;Wrong;2540;Wrong;10260;Wrong;4333;Correct;3320;Wrong;3757;Wrong;1928;Wrong;4543;Wrong;5399;Correct;3626;Correct;4747;Correct;4536;Correct;2858;Correct;5205;Wrong;3739;Correct;3000;Wrong;4666;Correct;4172;Wrong;3291;Wrong;4399;Wrong;4485;Correct;5688;Wrong;2347;Wrong;3731;Wrong;3212;Wrong;3878;Wrong;2407;Wrong;3416;Wrong;2464,,,
29;ced19ab162ff606fe5ce0e9a24c5ad56;36;Female;Tertiary;R;Norway;13;Wrong;3814;Neither;5525;Wrong;2644;Correct;6435;Wrong;3363;Correct;6234;Correct;4888;Wrong;7257;Neither;10228;Wrong;5130;Neither;3871;Correct;14693;Correct;7797;Correct;5136;Neither;3568;Wrong;6335;Wrong;7099;Wrong;5738;Wrong;7020;Wrong;3399;Wrong;2768;Wrong;4425;Correct;8090;Wrong;4434;Wrong;2904;Wrong;3544;Neither;4175;Wrong;6875;Wrong;2945;Wrong;8392,,,
30;ade3b4ee9ee7e9c178b119928c5d8cdf;46;Male;Tertiary;R;Norway;6;Wrong;5374;Wrong;17502;Wrong;5635;Wrong;3121;Wrong;6517;Wrong;2636;Wrong;6456;Wrong;4160;Wrong;2800;Wrong;2798;Correct;7079;Correct;7779;Correct;5041;Correct;8916;Neither;12148;Neither;11563;Wrong;13731;Wrong;7721;Wrong;12174;Wrong;7549;Wrong;6301;Wrong;4513;Wrong;7499;Wrong;16789;Wrong;14704;Wrong;6391;Wrong;16469;Wrong;23147;Wrong;9931;Correct;28474,,,
31;c6fd1a06a79c05993436fb4739d785a2;29;Female;Tertiary;R;Sweden;5;Wrong;2133;Wrong;2779;Wrong;2145;Wrong;4197;Wrong;6037;Wrong;2550;Wrong;1674;Wrong;8753;Wrong;1799;Wrong;2195;Correct;3519;Correct;3008;Correct;3702;Correct;6514;Correct;2534;Wrong;2844;Wrong;4056;Wrong;5037;Correct;8161;Wrong;5750;Wrong;2412;Wrong;3003;Wrong;4405;Wrong;4087;Neither;7179;Wrong;4918;Neither;7509;Wrong;7903;Neither;7138;Wrong;5490,,,
32;420b817bbb47fcce34eed279744e26a0;37;Female;Secondary;R;Norway;4;Correct;5981;Correct;6972;Neither;3413;Neither;5105;Neither;4712;Correct;5274;Neither;2644;Neither;2157;Neither;3349;Correct;4497;Correct;6566;Correct;3084;Correct;2323;Correct;2775;Correct;4090;Correct;3005;Wrong;5569;Wrong;5758;Correct;2792;Correct;6159;Wrong;3725;Correct;3444;Wrong;4361;Wrong;7727;Wrong;9239;Wrong;5640;Wrong;3795;Neither;12638;Neither;4686;Neither;2866,,,
33;bf211a3df38e9c9b5603fa6c85f9b720;38;Male;Secondary;R;Norway, Sweden, Switzerland;9;Wrong;3724;Correct;2337;Correct;3211;Correct;1826;Correct;3016;Correct;2115;Correct;2421;Correct;3646;Correct;1790;Neither;3980;Correct;2370;Correct;2659;Correct;2898;Correct;2666;Correct;2289;Wrong;5213;Wrong;4298;Wrong;3262;Correct;3397;Wrong;4282;Correct;2488;Wrong;4065;Wrong;2793;Neither;3745;Neither;5418;Wrong;5839;Neither;5515;Wrong;7761;Wrong;8865;Wrong;5515,
34;f87dd510509ad3498ee59afbd66f413a;53;Male;Tertiary;R;Norway;26;Correct;3466;Correct;3187;Wrong;5614;Correct;3783;Wrong;10357;Neither;6766;Correct;3524;Correct;2375;Neither;5671;Wrong;5776;Correct;4546;Correct;3467;Correct;3110;Correct;5078;Correct;2926;Wrong;3204;Wrong;3272;Wrong;4089;Wrong;2455;Wrong;2870;Wrong;4166;Wrong;7110;Wrong;8434;Wrong;7992;Wrong;3584;Wrong;5721;Wrong;6629;Wrong;8473;Wrong;3870;Wrong;4479,,,
35;792a71f8ae9d422819161fb9ad70d40d;41;Male;Tertiary;R;Norway, UK;22;Wrong;3340;Wrong;4152;Wrong;9159;Wrong;4998;Wrong;2207;Wrong;11666;Wrong;4677;Wrong;2578;Wrong;3820;Wrong;2760;Correct;6432;Correct;6478;Correct;4594;Correct;5034;Wrong;13950;Wrong;5588;Wrong;7219;Wrong;6300;Wrong;5570;Wrong;5025;Wrong;3802;Wrong;5045;Wrong;9147;Wrong;6727;Wrong;14950;Wrong;4308;Wrong;7753;Wrong;5831;Wrong;12604;Wrong;5914,,
36;d3dd72c1e48865fc2e5a46cb6de5702a;67;Female;Tertiary;L;Norway;45;Wrong;2529;Wrong;3906;Wrong;2392;Wrong;7224;Wrong;3838;Wrong;3389;Wrong;4529;Wrong;2327;Wrong;2663;Wrong;3614;Correct;2626;Correct;5869;Correct;3747;Correct;3415;Correct;7573;Wrong;3997;Wrong;6144;Wrong;3445;Wrong;12374;Wrong;5068;Wrong;2844;Wrong;2635;Wrong;3854;Wrong;3043;Wrong;8478;Wrong;3024;Wrong;5966;Wrong;4560;Wrong;4134;Wrong;3896,,,
37;b0c586ef5c1aa80ac19e14a66de293f6;46;Male;Tertiary;R;Norway, Italy;25;Correct;1511;Correct;2285;Correct;1890;Correct;2974;Correct;2031;Correct;1639;Correct;2267;Correct;3673;Correct;1428;Correct;3350;Correct;3272;Correct;3898;Correct;3077;Correct;1551;Correct;2553;Wrong;5116;Wrong;3531;Wrong;7272;Wrong;6503;Wrong;4149;Wrong;5447;Wrong;3173;Correct;2995;Wrong;4717;Wrong;4741;Wrong;5815;Correct;7548;Correct;3387;Wrong;8036;Wrong;7815,,
38;c03163c6f8b4fc14206ef74ac496ba5e;28;Female;Tertiary;R;Italy, Norway;5;Correct;3404;Neither;6518;Neither;2774;Wrong;5279;Correct;4441;Neither;4435;Correct;6337;Neither;7066;Wrong;10573;Neither;6423;Correct;3486;Correct;3271;Correct;4231;Correct;3447;Correct;4888;Wrong;9788;Correct;6382;Neither;4667;Wrong;6993;Neither;9020;Correct;6159;Wrong;4913;Correct;5355;Wrong;7513;Wrong;6585;Wrong;4475;Neither;10533;Correct;5434;Wrong;5290;Neither;6406,,
39;9a71d812c4a14984d265d1f3cbd5bcbd;54;Male;Tertiary;R;Norway;14;Wrong;3071;Wrong;3286;Wrong;4076;Wrong;2379;Wrong;7390;Wrong;2524;Wrong;3531;Wrong;3888;Wrong;6750;Wrong;3001;Correct;4577;Correct;7467;Correct;3026;Correct;6999;Neither;9385;Wrong;2819;Wrong;4821;Wrong;9343;Correct;4000;Correct;9808;Wrong;2983;Wrong;4107;Correct;10468;Wrong;8445;Wrong;11509;Wrong;3406;Wrong;3743;Wrong;3734;Wrong;3298;Wrong;5697,,,
40;468f352603bd19ea4400fdf452bc587d;35;Male;Tertiary;R;Norway, UK;5;Wrong;5365;Wrong;4367;Correct;5537;Wrong;2567;Wrong;8084;Correct;4206;Wrong;2779;Neither;25089;Wrong;5670;Wrong;8540;Correct;4288;Correct;2803;Neither;14100;Correct;4178;Correct;11970;Correct;14030;Wrong;3244;Wrong;2996;Wrong;2558;Wrong;5030;Wrong;6791;Wrong;4487;Wrong;13176;Wrong;7859;Wrong;7035;Wrong;15548;Wrong;4370;Wrong;4515;Wrong;12591;Wrong;3985,,
41;dd27ec2e21ea03ece1b30123ca79b24b;38;Male;Tertiary;R;Norway, UK, France, Switzerland;25;Wrong;3739;Wrong;7790;Wrong;2079;Wrong;6202;Wrong;16605;Wrong;11809;Wrong;1919;Wrong;11087;Wrong;5687;Wrong;9885;Correct;2479;Correct;2684;Correct;2832;Correct;2856;Wrong;3969;Wrong;3400;Wrong;5415;Wrong;11888;Correct;6084;Wrong;6632;Wrong;3359;Wrong;5130;Wrong;4604;Wrong;4849;Wrong;7417;Wrong;2951;Wrong;7644;Wrong;6754;Wrong;3003;Wrong;12242
42;41890a0743b5d3a53b8ae83562ac9a7e;37;Male;Secondary;R;Norway;7;Wrong;10512;Correct;3067;Wrong;7474;Wrong;3191;Neither;9977;Correct;6037;Wrong;5426;Wrong;3737;Wrong;3363;Wrong;4839;Correct;3474;Correct;2972;Correct;3451;Correct;6159;Correct;5083;Wrong;6819;Wrong;5558;Wrong;8765;Wrong;4370;Wrong;5627;Wrong;3267;Wrong;5349;Wrong;3594;Wrong;8594;Wrong;7001;Wrong;3981;Wrong;8019;Wrong;12304;Wrong;3641;Wrong;6554,,,
43;e56646fee61cd1fff49b3967415f6033;33;Male;Tertiary;R;Sweden;5;Wrong;8517;Wrong;7617;Wrong;7248;Wrong;2332;Wrong;2805;Wrong;1334;Wrong;2792;Wrong;3917;Wrong;2283;Wrong;3583;Correct;2617;Correct;3732;Correct;3787;Correct;3546;Correct;6878;Wrong;2719;Wrong;4140;Wrong;2708;Wrong;2994;Wrong;3681;Wrong;2079;Wrong;3432;Wrong;4364;Wrong;2332;Wrong;3098;Wrong;4395;Wrong;2885;Wrong;3772;Wrong;4245;Wrong;5301,,,
44;afb708f62b8e38938c95c17f236449d0;50;Female;Secondary;R;Germany;6;Neither;5476;Correct;3967;Neither;7316;Neither;4930;Neither;4329;Correct;2249;Correct;3964;Neither;5123;Wrong;2797;Neither;7700;Correct;2298;Correct;2278;Correct;2631;Correct;1625;Correct;8652;Correct;2818;Wrong;10019;Wrong;9832;Correct;6976;Correct;6400;Correct;3949;Wrong;6738;Correct;4832;Wrong;8913;Wrong;5493;Wrong;6203;Wrong;9559;Wrong;3869;Wrong;6944;Wrong;3956,,,
45;519ede3cb2a7ff41b72b5c4ce71e9e94;51;Female;Tertiary;R;Denmark, Spain;11;Wrong;1707;Wrong;2756;Wrong;2323;Wrong;1647;Wrong;4574;Wrong;4126;Wrong;3197;Wrong;1740;Wrong;2562;Wrong;6398;Correct;5824;Correct;9186;Neither;3655;Neither;4365;Neither;5946;Wrong;4284;Wrong;7893;Wrong;7550;Neither;5919;Wrong;4770;Wrong;5997;Wrong;3758;Correct;7350;Wrong;5128;Neither;6135;Wrong;3552;Wrong;7096;Wrong;6531;Wrong;5101;Neither;7086,,
46;432adab6b7deb902b1c97a98cb0f6c2e;47;Male;Secondary;R;Norway;5;Wrong;2224;Wrong;9349;Wrong;4288;Wrong;3148;Wrong;7388;Wrong;2713;Wrong;2021;Wrong;10664;Wrong;2678;Wrong;4129;Correct;3450;Correct;8554;Correct;2504;Correct;3673;Correct;2805;Correct;8028;Correct;11571;Wrong;10703;Correct;2435;Correct;2549;Wrong;11297;Wrong;5887;Correct;4754;Wrong;2475;Correct;5156;Wrong;3167;Correct;9636;Wrong;16101;Wrong;3665;Wrong;4134,,,
47;416d47a19b55ce830f91b8770cd6ba55;39;Male;Tertiary;R;Sweden;9;Correct;1418;Correct;1583;Correct;1234;Correct;1951;Correct;1329;Correct;2769;Correct;3092;Correct;1772;Correct;1640;Correct;1704;Correct;1954;Correct;2283;Correct;1866;Correct;1726;Correct;1543;Wrong;3177;Wrong;3070;Wrong;2940;Wrong;2851;Correct;3893;Correct;1919;Wrong;1705;Wrong;4327;Wrong;1920;Wrong;3533;Wrong;2776;Wrong;2973;Wrong;4948;Wrong;5432;Wrong;6495,,,
48;71745ed149f56feddc5fe8d7163d2d70;53;Male;Tertiary;R;Norway;33;Correct;1293;Correct;2525;Correct;1574;Correct;2048;Correct;1602;Correct;1959;Correct;1908;Correct;1967;Correct;2971;Correct;4949;Correct;2017;Correct;3361;Correct;2190;Correct;2180;Correct;1727;Wrong;2617;Wrong;4830;Wrong;2637;Correct;2305;Correct;2403;Wrong;3971;Wrong;3791;Correct;4200;Wrong;3406;Wrong;4280;Wrong;3280;Wrong;5592;Wrong;2281;Wrong;4978;Wrong;2856,,,
49;c13be8165445bef251aa2783b3d6977a;62;Female;Tertiary;R;Norway;35;Correct;6583;Correct;3734;Correct;3500;Neither;13192;Correct;6484;Correct;5640;Correct;3888;Correct;7525;Neither;5196;Correct;4611;Correct;7490;Neither;12052;Neither;6837;Correct;4845;Neither;21321;Wrong;4164;Wrong;7099;Wrong;4416;Wrong;4881;Wrong;3233;Wrong;2901;Wrong;4073;Wrong;3351;Wrong;3388;Wrong;4284;Wrong;3745;Wrong;3238;Wrong;2575;Wrong;6152;Wrong;4305,,,
50;c2e609c7adc129b86caeb756a036009f;45;Female;Tertiary;R;Norway, Belgium, UK;22;Wrong;2317;Wrong;12644;Wrong;2789;Wrong;5257;Neither;6926;Wrong;6841;Neither;8935;Wrong;6908;Wrong;1717;Wrong;3623;Correct;2847;Correct;4539;Correct;4454;Correct;5566;Wrong;5740;Wrong;4048;Wrong;9172;Wrong;6670;Wrong;4839;Wrong;3968;Wrong;4612;Wrong;4913;Wrong;4388;Wrong;17572;Wrong;9188;Wrong;4581;Wrong;7014;Wrong;5254;Wrong;4455;Wrong;7307,
51;2e38cf2dec3e1fa84a173dc98ab0f959;62;Male;Tertiary;R;Sweden;44;Correct;1853;Correct;2905;Correct;3413;Correct;6682;Correct;3785;Correct;2282;Correct;2618;Correct;2168;Correct;3235;Correct;3864;Correct;2878;Correct;4751;Correct;2149;Correct;2801;Correct;3961;Wrong;4738;Correct;5994;Wrong;2968;Wrong;5911;Wrong;6135;Wrong;3657;Wrong;2984;Wrong;3361;Wrong;7212;Wrong;3636;Wrong;7236;Wrong;3449;Wrong;8208;Correct;8906;Wrong;3410,,,
52;992e818adbef90a2df89b76533ba58bd;43;Male;Tertiary;R;Norway, Sudan;15;Wrong;3622;Wrong;2352;Wrong;4586;Wrong;2479;Wrong;1623;Wrong;2103;Wrong;7921;Wrong;9151;Wrong;3688;Wrong;2200;Correct;1815;Correct;2632;Correct;2159;Correct;1736;Correct;4065;Wrong;2328;Wrong;6320;Wrong;6887;Correct;3344;Correct;3791;Wrong;3680;Wrong;3600;Correct;4431;Neither;13240;Neither;5409;Wrong;8975;Wrong;10920;Neither;2888;Neither;11649;Wrong;4064,,
53;8f622dc1df1fed468fe33695a5c76321;42;Female;Tertiary;R;Denmark;5;Wrong;4753;Wrong;5021;Wrong;4782;Wrong;2896;Wrong;7201;Correct;5745;Wrong;4248;Wrong;3076;Wrong;4052;Wrong;3270;Correct;3100;Correct;4322;Correct;3330;Correct;5243;Correct;5657;Wrong;2930;Wrong;5258;Wrong;7545;Wrong;4765;Wrong;6798;Wrong;3616;Wrong;3468;Wrong;5836;Wrong;6441;Wrong;5966;Wrong;4886;Wrong;5992;Wrong;8018;Wrong;6390;Wrong;4174,,,
54;7a71cc0ea9ccc172b89bf43550bbf46e;27;Female;Tertiary;R;Germany;5;Correct;2930;Neither;3723;Neither;5153;Wrong;14250;Correct;4142;Neither;4198;Correct;8679;Wrong;5218;Neither;12563;Correct;6839;Neither;7044;Correct;2465;Correct;6150;Neither;9466;Correct;5351;Wrong;3386;Wrong;4227;Wrong;3682;Wrong;3795;Correct;33229;Wrong;4420;Wrong;3331;Wrong;5543;Wrong;6993;Wrong;4917;Wrong;5408;Wrong;23211;Wrong;8443;Wrong;9735;Wrong;6533,,,
55;6c26836b780a993216098dedcd1a51f1;32;Male;Tertiary;L;Sweden;5;Wrong;10253;Wrong;3712;Correct;15635;Wrong;6121;Wrong;2441;Wrong;7332;Wrong;4517;Correct;21970;Wrong;6199;Wrong;3336;Correct;7618;Correct;6456;Correct;3249;Correct;4349;Correct;11787;Wrong;3275;Wrong;4145;Wrong;5373;Wrong;15745;Wrong;4398;Wrong;4629;Wrong;4009;Wrong;7213;Wrong;5979;Wrong;5613;Wrong;7758;Wrong;21440;Wrong;3931;Wrong;2632;Wrong;5192,,,
56;48f63dfac1ddeb1a1ece3b1db4712341;39;Female;Tertiary;R;Norway;4;Wrong;5179;Neither;138280;Wrong;9824;Wrong;9376;Wrong;13636;Wrong;5273;Wrong;46323;Neither;8600;Wrong;3431;Wrong;2269;Correct;7145;Correct;7220;Wrong;8829;Correct;2733;Correct;6660;Wrong;4271;Wrong;47482;Wrong;6956;Wrong;12251;Correct;5580;Wrong;3546;Wrong;5797;Wrong;4599;Wrong;12317;Wrong;2604;Wrong;3087;Wrong;3737;Wrong;6847;Wrong;11194;Wrong;6808,,,
57;f7817d9f881d4f43c91ca565402fdb27;34;Male;Tertiary;R;Germany;5;Wrong;4511;Wrong;4512;Wrong;3159;Wrong;3817;Correct;3410;Wrong;3537;Wrong;2721;Wrong;3099;Wrong;2812;Correct;8158;Correct;2649;Correct;5343;Correct;4253;Correct;6685;Correct;7068;Correct;3578;Wrong;17200;Wrong;4934;Wrong;2949;Wrong;2593;Wrong;4338;Wrong;4177;Wrong;7211;Wrong;7930;Wrong;5597;Wrong;3422;Wrong;3858;Wrong;13095;Wrong;3571;Wrong;3712,,,
58;7ce0a725040541b16a8571c5a6b8ce64;26;Female;Tertiary;R;Germany;5;Wrong;5431;Wrong;3412;Wrong;3808;Wrong;5919;Wrong;6494;Wrong;2850;Wrong;3144;Wrong;4704;Wrong;3770;Wrong;5120;Correct;4477;Correct;7666;Correct;5994;Correct;5073;Wrong;6827;Wrong;4229;Wrong;3185;Wrong;4034;Wrong;4333;Wrong;3173;Wrong;3732;Wrong;3599;Wrong;3093;Wrong;8187;Wrong;6970;Wrong;4530;Wrong;4970;Wrong;3300;Wrong;5527;Wrong;3736,,,
59;e081f9f29f632a8227fc3c75169a868d;38;Female;Secondary;R;Germany;10;Correct;3019;Wrong;4260;Neither;5214;Neither;10287;Wrong;2715;Neither;6589;Wrong;4203;Wrong;6235;Neither;3584;Wrong;4706;Correct;4046;Correct;6733;Correct;3627;Neither;6195;Neither;4729;Correct;3263;Wrong;6170;Neither;16082;Correct;10817;Wrong;8914;Wrong;8363;Wrong;4586;Neither;4904;Neither;5169;Wrong;5742;Wrong;5523;Neither;5201;Neither;7530;Wrong;4636;Wrong;8192,,,
60;381d4dafb20eaa83794f02b8fd7fdaab;38;Female;Tertiary;R;Germany;7;Correct;2943;Neither;7115;Wrong;2992;Wrong;2412;Wrong;2977;Correct;5193;Wrong;2220;Wrong;3163;Wrong;3982;Correct;4222;Wrong;2643;Correct;3662;Correct;2591;Correct;4015;Correct;2994;Wrong;2340;Correct;2940;Correct;5339;Wrong;4716;Wrong;2908;Wrong;3261;Wrong;2471;Wrong;3393;Wrong;2418;Wrong;2340;Wrong;3880;Wrong;2655;Wrong;2580;Wrong;3290;Wrong;2394,,,
61;6dd5562f11e7777fb997e7a785d6e818;39;Male;Secondary;R;Germany, Israel;4;Wrong;6287;Correct;3119;Correct;3063;Correct;11720;Neither;10872;Neither;10767;Correct;16159;Neither;15233;Wrong;3591;Wrong;6415;Correct;2462;Correct;5977;Correct;3037;Correct;4184;Neither;10736;Wrong;4849;Wrong;24351;Wrong;13093;Correct;4101;Wrong;3672;Wrong;3719;Wrong;8496;Wrong;5768;Wrong;8107;Wrong;10678;Wrong;11509;Correct;19118;Wrong;6847;Wrong;13824;Wrong;4864,,
62;906efba55555c57780f5b11837bcf3a7;54;Male;Tertiary;R;Germany;20;Correct;3539;Wrong;6302;Neither;5121;Neither;3962;Correct;2882;Correct;2011;Wrong;4970;Correct;3258;Correct;4718;Correct;4478;Neither;3731;Correct;2839;Correct;3269;Correct;2579;Correct;2827;Neither;6163;Correct;4511;Wrong;10322;Neither;6722;Correct;4873;Wrong;8823;Wrong;4901;Wrong;4086;Neither;7671;Correct;5545;Wrong;7699;Neither;5377;Neither;9006;Wrong;5670;Correct;4342,,,
63;5d8780934eb9516ec31968460dd67176;40;Female;Tertiary;L;Norway;6;Wrong;4978;Wrong;4363;Wrong;1835;Wrong;2616;Correct;3095;Correct;3393;Correct;2865;Wrong;3884;Wrong;4010;Correct;6895;Correct;2656;Correct;5853;Correct;4242;Correct;2296;Wrong;5507;Wrong;3572;Wrong;2703;Wrong;4087;Correct;2480;Correct;7932;Wrong;3650;Wrong;3243;Wrong;8209;Wrong;5231;Wrong;4098;Wrong;4777;Wrong;3539;Wrong;5062;Wrong;5559;Wrong;2633,,,
64;a0d246acd01c9d96bc15d64e2d27f8a6;38;Male;Tertiary;L;Norway, Sweden, Switzerland, Canada;7;Neither;7740;Wrong;3517;Wrong;8595;Wrong;2345;Wrong;2997;Wrong;6471;Wrong;3741;Wrong;2717;Wrong;2341;Correct;3104;Correct;3969;Wrong;7326;Correct;2400;Correct;2664;Correct;6944;Wrong;4100;Wrong;6022;Wrong;3674;Wrong;6383;Correct;4994;Wrong;3359;Wrong;2951;Wrong;6679;Wrong;2891;Wrong;8357;Neither;11754;Correct;7808;Neither;4999;Wrong;2247;Wrong;5000
65;2c05f4254c00cfff124a68eb6ca2cd70;33;Female;Tertiary;R;Norway;5;Wrong;2523;Wrong;13067;Wrong;6124;Wrong;5380;Wrong;7286;Wrong;2771;Wrong;7843;Wrong;2537;Wrong;2890;Wrong;4457;Correct;1661;Correct;4546;Correct;3549;Correct;2897;Neither;15818;Wrong;4940;Wrong;2580;Wrong;4459;Wrong;8026;Wrong;6973;Wrong;1891;Wrong;3883;Wrong;7373;Wrong;2579;Wrong;8747;Wrong;3721;Wrong;9020;Wrong;6789;Wrong;3106;Wrong;3433,,,
66;67915a781538807423ec413088a835e0;44;Female;Tertiary;R;Norway;4;Correct;5414;Wrong;4182;Wrong;2208;Wrong;8044;Wrong;7087;Wrong;4661;Wrong;8717;Wrong;6369;Wrong;3021;Wrong;3691;Correct;4251;Neither;4624;Correct;6896;Correct;5627;Wrong;8188;Wrong;7092;Neither;9046;Wrong;3661;Correct;7880;Correct;4137;Wrong;4352;Wrong;2742;Wrong;3548;Wrong;4436;Wrong;3060;Wrong;5131;Wrong;2789;Wrong;11944;Wrong;4007;Wrong;6187,,,
67;660d48721845f9afde38986e3012ad91;42;Male;Tertiary;R;Norway, Serbia;21;Correct;2441;Correct;3371;Correct;3833;Neither;4072;Correct;1773;Correct;3594;Correct;1762;Correct;3288;Correct;9117;Correct;2720;Correct;2205;Correct;1940;Correct;5595;Correct;2210;Correct;8306;Wrong;3510;Wrong;2848;Wrong;5397;Wrong;3348;Correct;1866;Wrong;1981;Wrong;3679;Correct;1919;Wrong;9616;Correct;6541;Wrong;4958;Wrong;2775;Wrong;6893;Wrong;4005;Wrong;6145,,
68;ad7af2c671044e9385cc2cfed36be54c;52;Female;Tertiary;R;Norway;28;Wrong;2287;Wrong;2107;Wrong;1907;Wrong;4286;Wrong;1851;Wrong;9962;Wrong;2200;Wrong;2250;Wrong;2552;Wrong;1723;Correct;2833;Correct;2474;Correct;4767;Correct;3526;Correct;2393;Wrong;2047;Wrong;3451;Wrong;6609;Correct;2963;Correct;4720;Wrong;3062;Wrong;3272;Wrong;3256;Wrong;7056;Wrong;3771;Wrong;3975;Wrong;5247;Wrong;3966;Wrong;3605;Wrong;3381,,,
69;e5a403e28546bdf6f4b52ae497ca6005;27;Male;Tertiary;R;Australia;12;Wrong;2368;Wrong;5858;Wrong;2481;Wrong;2715;Neither;9811;Wrong;2698;Wrong;5793;Wrong;2138;Wrong;4032;Wrong;1505;Correct;2194;Correct;2927;Correct;3729;Correct;2087;Correct;4411;Wrong;8752;Wrong;6764;Wrong;5674;Wrong;5778;Wrong;4375;Wrong;3226;Wrong;3251;Wrong;3379;Wrong;4579;Neither;8745;Wrong;6603;Neither;7155;Wrong;2536;Wrong;5239;Wrong;6146,,,
70;c2d045ce27d0f18f0b236389d1f6c786;32;Female;Tertiary;R;Sweden;4;Wrong;19931;Correct;3252;Correct;3757;Correct;4437;Correct;3035;Wrong;5129;Correct;4981;Correct;2158;Correct;3502;Correct;3452;Correct;3188;Correct;3027;Correct;4014;Correct;2540;Correct;4172;Wrong;3909;Wrong;3117;Wrong;3327;Wrong;4695;Wrong;4620;Wrong;3710;Wrong;3246;Wrong;4037;Wrong;4868;Wrong;14711;Wrong;4470;Wrong;9900;Wrong;3750;Wrong;4331;Wrong;11012,,,
71;1c8dece555f7f40c21945f081b9dbe65;27;Female;Tertiary;L;Denmark;5;Wrong;1807;Wrong;6879;Wrong;1817;Correct;3038;Wrong;6019;Wrong;2329;Correct;2703;Wrong;2243;Wrong;1775;Wrong;6048;Correct;2610;Correct;8241;Correct;3915;Correct;1993;Correct;3336;Correct;5767;Wrong;3661;Wrong;6434;Wrong;6453;Correct;2841;Wrong;1796;Wrong;4220;Wrong;3654;Wrong;7345;Wrong;3798;Wrong;3955;Wrong;3036;Wrong;4491;Wrong;2345;Wrong;3396,,,
72;ac2ab5bb01a5083533320449888105b7;39;Female;Tertiary;R;Germany, UK;9;Wrong;12587;Wrong;3690;Wrong;2253;Wrong;6014;Wrong;3748;Wrong;2427;Wrong;2396;Wrong;4204;Wrong;5611;Wrong;3322;Correct;2017;Correct;3368;Correct;4921;Correct;2988;Correct;5762;Wrong;4779;Wrong;7622;Wrong;5141;Wrong;8222;Wrong;3976;Wrong;3121;Wrong;3287;Correct;4202;Wrong;7793;Wrong;8484;Wrong;6198;Correct;11671;Wrong;8404;Wrong;6714;Neither;8384,,
73;83327fa0958c446d37a9deb949456654;49;Female;Tertiary;R;Norway, UK;7;Correct;3044;Correct;3585;Correct;4188;Neither;6215;Neither;4790;Neither;2184;Wrong;7692;Correct;3899;Neither;4499;Wrong;4727;Correct;4645;Neither;8954;Correct;7041;Correct;4617;Correct;3180;Wrong;3112;Wrong;7871;Wrong;3512;Wrong;2971;Wrong;5707;Wrong;3292;Wrong;3076;Wrong;5687;Wrong;3084;Wrong;2816;Wrong;3729;Wrong;4787;Wrong;5027;Wrong;2259;Wrong;3404,,
74;0b51fc60d9b4c8df693c24199a812fc8;55;Male;Tertiary;R;Sweden, USA;29;Correct;6242;Wrong;5541;Neither;6565;Neither;7130;Wrong;4538;Neither;7902;Neither;5240;Neither;7252;Neither;5227;Wrong;5544;Correct;4477;Correct;3472;Correct;8630;Correct;4697;Correct;5803;Wrong;4154;Wrong;4878;Wrong;5259;Wrong;5256;Wrong;5268;Wrong;4038;Wrong;4336;Wrong;6546;Wrong;6336;Wrong;4880;Wrong;4271;Wrong;4348;Wrong;5807;Wrong;4649;Wrong;4384,,
75;70186f520344ff6cbfade44e7fa7d83c;38;Male;Tertiary;R;Norway;10;Correct;3204;Correct;3688;Correct;3215;Correct;5828;Wrong;5462;Correct;3961;Neither;13550;Neither;8785;Correct;4004;Wrong;6692;Correct;2473;Correct;3299;Wrong;2271;Correct;8605;Correct;5229;Wrong;11675;Wrong;8473;Wrong;3286;Wrong;9411;Wrong;5481;Wrong;3749;Wrong;3340;Wrong;2680;Wrong;8612;Neither;19756;Correct;15148;Wrong;6726;Wrong;10134;Wrong;4934;Wrong;15162,,,
76;1d8d34ed9831d790f75326d960161462;55;Female;Secondary;R;Canada, Germany;42;Wrong;7287;Wrong;14863;Wrong;9000;Correct;14187;Wrong;6265;Wrong;9832;Wrong;5925;Wrong;2831;Wrong;5744;Wrong;11471;Correct;6012;Correct;7911;Correct;8894;Correct;2984;Wrong;7122;Wrong;4230;Correct;4017;Wrong;10410;Wrong;3670;Wrong;10674;Wrong;4800;Wrong;3355;Wrong;6017;Wrong;6930;Wrong;8929;Wrong;24446;Wrong;3600;Wrong;6261;Wrong;5356;Wrong;5305,,
77;2a353916096e84d59537262df37a3725;37;Male;Tertiary;R;UK;6;Correct;2468;Neither;2332;Neither;1939;Neither;2959;Neither;2677;Neither;4968;Neither;2746;Neither;3392;Neither;1864;Neither;2855;Correct;3086;Correct;2778;Correct;3026;Correct;2453;Wrong;2480;Wrong;2332;Wrong;3290;Wrong;4114;Wrong;5507;Wrong;4182;Wrong;5509;Wrong;2233;Correct;2931;Neither;8659;Wrong;5847;Wrong;4781;Wrong;4504;Wrong;2872;Wrong;4344;Correct;4930,,,
78;3ff67d878f639f0dda0026d0b7e99b14;60;Female;Tertiary;R;Norway;35;Correct;4222;Correct;4075;Wrong;6036;Wrong;2881;Correct;7148;Correct;4241;Wrong;6045;Wrong;2220;Wrong;3734;Wrong;4474;Correct;3291;Correct;2358;Correct;2816;Correct;3120;Correct;3655;Correct;2743;Wrong;6038;Wrong;12933;Correct;3333;Correct;6707;Wrong;4873;Wrong;5091;Correct;5679;Wrong;4596;Wrong;8298;Wrong;3042;Wrong;7550;Wrong;7479;Wrong;5794;Wrong;9233,,,
79;8e5b7ac8cde1b30eb1a37c422cf9e4b5;45;Male;Tertiary;R;UK;19;Wrong;1860;Wrong;3623;Wrong;1699;Wrong;1732;Wrong;8691;Wrong;5660;Wrong;2489;Correct;4378;Wrong;4225;Wrong;2056;Correct;2329;Correct;2713;Correct;1736;Correct;2613;Correct;4550;Wrong;6657;Wrong;3461;Wrong;4229;Wrong;4639;Wrong;3447;Wrong;2381;Wrong;4014;Wrong;2845;Wrong;7784;Wrong;4088;Wrong;4698;Wrong;3060;Wrong;4454;Wrong;2698;Wrong;3398,,,
80;adc40aa0ff45830dda7b74f6d92fad9e;21;Male;Secondary;R;Germany;4;Wrong;4627;Wrong;3794;Neither;6371;Wrong;3143;Wrong;3460;Neither;10241;Wrong;2828;Wrong;3436;Wrong;2404;Wrong;2100;Correct;3708;Wrong;2803;Correct;2589;Correct;4268;Correct;5314;Wrong;3828;Wrong;8899;Wrong;5032;Wrong;2825;Wrong;5981;Wrong;2685;Wrong;2866;Wrong;5336;Wrong;2108;Wrong;3836;Wrong;4838;Wrong;3464;Wrong;4084;Wrong;3537;Wrong;4294,,,
81;a32de97fafeccdb688f1e42bee4391eb;35;Male;Tertiary;R;Luxemburg, France, UK;16;Correct;2861;Correct;4503;Wrong;9089;Correct;4509;Correct;4678;Correct;2384;Correct;3585;Correct;3938;Correct;3981;Wrong;11635;Correct;4142;Correct;3438;Correct;5392;Correct;7545;Neither;9945;Correct;3520;Wrong;3779;Wrong;3314;Wrong;6534;Wrong;3539;Wrong;3507;Wrong;6594;Wrong;3245;Wrong;3341;Neither;17600;Neither;6050;Wrong;2732;Neither;4815;Wrong;5942;Wrong;24852,
82;d210f3323165f5550b4878b2fedf6fa9;57;Male;Secondary;R;Germany;47;Correct;2203;Correct;2612;Correct;2576;Correct;6583;Correct;2575;Correct;2515;Correct;7353;Correct;3967;Correct;2463;Correct;2715;Correct;2521;Correct;3191;Correct;2704;Correct;3148;Correct;2721;Correct;3346;Correct;7948;Correct;4983;Correct;5438;Correct;8621;Wrong;6611;Correct;4253;Correct;5540;Wrong;8469;Neither;11653;Wrong;5925;Wrong;6764;Wrong;4806;Wrong;5106;Wrong;7835,,,
83;b5cb413a00f1fb75e2d88197483984b3;45;Female;Tertiary;L;Norway;17;Wrong;9151;Wrong;1378;Correct;3283;Correct;3758;Wrong;3750;Wrong;3887;Correct;5602;Correct;4774;Correct;3594;Wrong;2068;Wrong;1404;Correct;3254;Correct;7865;Correct;3570;Wrong;10897;Wrong;2760;Correct;5831;Wrong;4268;Wrong;7618;Correct;4650;Wrong;6396;Wrong;3419;Correct;8604;Wrong;4009;Wrong;3782;Wrong;5488;Wrong;3264;Wrong;4350;Wrong;4146;Wrong;2106,,,
84;a7740ebe37d92861ac5762d3f524543f;34;Female;Tertiary;R;Norway;10;Neither;5310;Neither;1352;Neither;3136;Neither;7136;Wrong;4990;Neither;1476;Neither;2127;Neither;1581;Wrong;7894;Neither;1654;Neither;2981;Correct;3250;Neither;4239;Neither;1542;Neither;1894;Neither;2838;Wrong;13832;Neither;6849;Correct;6296;Wrong;6621;Correct;10458;Neither;7136;Neither;18564;Neither;1181;Neither;2853;Neither;3639;Neither;7711;Neither;1783;Neither;10208;Neither;22147,,,
85;03535d49ee1d394e09dc6b721891c195;26;Female;Tertiary;R;UK;5;Correct;1286;Correct;1436;Correct;1850;Correct;1869;Correct;2030;Correct;2009;Correct;2145;Neither;1976;Correct;1428;Correct;1467;Correct;2558;Correct;1442;Correct;1528;Correct;1569;Correct;1599;Correct;264;Wrong;2482;Wrong;1999;Correct;3032;Correct;1867;Wrong;3760;Wrong;2464;Wrong;2292;Wrong;2258;Wrong;2766;Wrong;1898;Wrong;2144;Wrong;6010;Wrong;2157;Wrong;4286,,,
86;8b6ec38e74998b0737f9ee2c80606d0a;43;Female;Tertiary;R;UK;22;Correct;2862;Correct;1781;Correct;2174;Correct;3775;Correct;2013;Correct;1935;Correct;2766;Correct;3709;Correct;5574;Correct;2070;Correct;2958;Correct;3587;Correct;2343;Correct;2438;Wrong;3571;Correct;5363;Correct;8542;Correct;4477;Correct;3053;Correct;4347;Correct;2204;Wrong;4759;Neither;7267;Wrong;4116;Wrong;3373;Wrong;3309;Wrong;8829;Wrong;10693;Wrong;5495;Wrong;3685,,,
87;c3f75d2055d51588a14e889f023b447a;42;Male;Tertiary;R;UK;20;Neither;9439;Neither;4855;Wrong;3627;Wrong;3356;Neither;1640;Neither;1820;Neither;1967;Neither;5533;Wrong;3027;Neither;2842;Neither;2822;Neither;3886;Neither;4383;Neither;4462;Neither;2136;Wrong;2261;Wrong;3049;Wrong;2588;Correct;5416;Wrong;3387;Wrong;2588;Wrong;6720;Wrong;2065;Wrong;2707;Wrong;2775;Wrong;2415;Wrong;5363;Wrong;6094;Wrong;4136;Wrong;2272,,,
88;82577bd4417078a76f4d9851814ff32c;30;Female;Tertiary;L;UK, Netherlands;6;Correct;3362;Neither;5241;Wrong;13736;Correct;6205;Correct;9859;Neither;4548;Wrong;7476;Correct;9051;Wrong;16052;Correct;4377;Correct;6572;Correct;10821;Correct;4397;Correct;5600;Wrong;7286;Wrong;8094;Correct;12396;Wrong;3925;Wrong;5788;Wrong;5611;Wrong;3568;Wrong;4739;Wrong;6843;Wrong;7415;Wrong;14753;Wrong;5395;Wrong;7084;Wrong;7039;Wrong;11705;Wrong;8783,,
89;116ae2efbcc1bb341274f96a342ba29c;38;Female;Tertiary;R;UK;4;Wrong;6672;Wrong;1759;Wrong;2409;Wrong;2879;Wrong;1563;Wrong;4984;Wrong;2538;Wrong;6568;Wrong;1710;Wrong;3111;Wrong;1521;Wrong;4328;Correct;2391;Wrong;8464;Wrong;4062;Wrong;34260;Wrong;83933;Correct;18863;Wrong;4046;Wrong;44314;Wrong;9103;Wrong;3294;Wrong;3431;Wrong;17328;Wrong;5894;Wrong;8239;Wrong;3725;Wrong;3293;Wrong;6503;Wrong;4039,,,
90;0e62e25cd81b459aa8b27539b971c506;31;Male;Tertiary;R;UK;5;Wrong;4980;Wrong;3237;Wrong;4235;Correct;4214;Wrong;12850;Correct;1916;Correct;4074;Wrong;1912;Wrong;3425;Wrong;2551;Correct;2085;Correct;2251;Correct;2145;Correct;1751;Correct;1940;Wrong;3011;Wrong;4415;Wrong;4324;Wrong;2416;Wrong;4502;Wrong;5098;Wrong;3421;Wrong;6677;Correct;5064;Correct;6708;Wrong;2881;Wrong;4258;Correct;6263;Wrong;7951;Wrong;11053,,,
91;fa516eece1c1a72873b6c973c6bd4419;33;Female;Tertiary;R;Denmark;6;Wrong;2571;Wrong;3980;Wrong;3432;Wrong;2725;Wrong;7023;Wrong;1958;Wrong;14950;Wrong;2292;Wrong;5287;Wrong;3958;Correct;5510;Correct;19618;Correct;3694;Correct;4063;Correct;7412;Wrong;8241;Wrong;6761;Wrong;3835;Wrong;10635;Wrong;10197;Wrong;8456;Correct;4395;Wrong;5888;Wrong;17467;Wrong;7613;Wrong;6270;Wrong;6231;Neither;8246;Wrong;5527;Wrong;7628,,,
92;e18404ead96813015d0bce12a1252c21;36;Male;Tertiary;R;UK;12;Wrong;2689;Wrong;2108;Wrong;1853;Wrong;4604;Wrong;6326;Wrong;9127;Wrong;4157;Wrong;2901;Wrong;2282;Correct;2055;Correct;3020;Correct;2876;Correct;2928;Correct;2015;Correct;3300;Wrong;2821;Wrong;4410;Correct;3345;Wrong;3952;Correct;4333;Wrong;4288;Wrong;2445;Correct;2297;Wrong;4480;Correct;4831;Wrong;4639;Wrong;9670;Wrong;5060;Wrong;3568;Wrong;5770,,,
93;0077f444c96250bba0a9e6c45c71f37b;35;Female;Tertiary;R;UK;5;Correct;1941;Correct;4090;Correct;3876;Wrong;4178;Correct;9351;Correct;2974;Correct;3948;Correct;3381;Wrong;1706;Correct;3713;Correct;2556;Correct;3531;Correct;2358;Correct;2418;Correct;2485;Wrong;4166;Correct;9860;Wrong;4453;Wrong;8899;Neither;4588;Wrong;5221;Wrong;3198;Neither;4367;Wrong;1486;Wrong;2822;Wrong;2337;Wrong;3333;Wrong;1979;Wrong;3546;Wrong;2104,,,
94;0347014dbc444479d16936502cb18f8b;30;Male;Tertiary;R;UK;6;Correct;2641;Correct;2846;Correct;7256;Correct;2619;Correct;1587;Correct;3545;Correct;2745;Correct;1729;Correct;2580;Correct;1784;Correct;2655;Correct;2437;Correct;2318;Correct;4493;Correct;2496;Wrong;3906;Wrong;4016;Correct;5922;Correct;3361;Correct;2098;Correct;3470;Wrong;5297;Correct;4889;Wrong;8558;Correct;4115;Wrong;5890;Wrong;4891;Wrong;6231;Wrong;6763;Correct;4613,,,
95;ae8c1c7cfca0cdffef7b53a57da12175;29;Female;Tertiary;R;UK;4;Wrong;3391;Wrong;2135;Wrong;1966;Wrong;1262;Wrong;1414;Wrong;5623;Wrong;2471;Wrong;1502;Wrong;2143;Wrong;3246;Correct;1726;Correct;1910;Correct;2679;Correct;3833;Correct;4150;Wrong;6054;Wrong;6354;Wrong;6423;Wrong;5297;Wrong;4412;Wrong;2863;Wrong;6004;Wrong;6284;Wrong;2799;Wrong;7819;Wrong;3239;Wrong;4815;Wrong;5772;Wrong;3103;Wrong;6065,,,
96;e9bd82efc635c634708df3281fdeb47f;37;Male;Tertiary;R;UK;5;Correct;1572;Correct;2854;Correct;3221;Correct;2712;Correct;2409;Correct;2972;Correct;1875;Correct;2283;Correct;2532;Correct;3210;Correct;1978;Correct;3937;Correct;2236;Correct;2688;Correct;3171;Wrong;2425;Wrong;2876;Neither;4476;Neither;3032;Wrong;3438;Wrong;3240;Wrong;2807;Wrong;2798;Neither;6091;Neither;3021;Wrong;2680;Wrong;4759;Neither;4370;Neither;5438;Wrong;5514,,,
97;603abd981d3c59c318c7c10b4f673772;25;Female;Tertiary;R;USA;5;Neither;2171;Neither;4132;Neither;2311;Neither;1560;Neither;1677;Neither;8013;Wrong;9538;Neither;1417;Neither;1853;Neither;2680;Neither;1283;Neither;2277;Neither;2833;Neither;4146;Correct;2532;Wrong;2219;Wrong;3378;Wrong;6030;Wrong;2658;Wrong;3102;Wrong;1858;Wrong;7266;Wrong;6986;Wrong;3580;Wrong;3072;Wrong;3260;Wrong;2204;Wrong;3754;Wrong;4538;Wrong;1825,,,
98;ec8a50ff0911738606e86e5995a745fc;29;Male;Tertiary;L;UK;4;Correct;1505;Correct;1496;Correct;1880;Correct;1960;Correct;1817;Correct;2049;Correct;1713;Correct;1817;Correct;1857;Correct;1985;Correct;1865;Correct;2257;Correct;2608;Correct;3473;Correct;1737;Wrong;2175;Wrong;1768;Wrong;2010;Wrong;4760;Wrong;2057;Wrong;2040;Wrong;2121;Wrong;1873;Wrong;1895;Wrong;2120;Wrong;1720;Wrong;3042;Wrong;2545;Wrong;1825;Wrong;1649,,,
99;f17712c6b228a345a39917f68896cd97;33;Female;Tertiary;R;UK;5;Wrong;4615;Correct;4524;Wrong;4326;Wrong;2905;Wrong;4335;Wrong;1545;Neither;3149;Wrong;2493;Wrong;1124;Neither;2972;Correct;3601;Correct;3745;Correct;2211;Neither;3862;Wrong;4359;Wrong;2348;Wrong;3793;Wrong;3048;Neither;10608;Neither;5456;Wrong;6484;Wrong;2633;Wrong;6028;Wrong;2964;Wrong;2333;Wrong;4612;Wrong;3127;Wrong;2689;Wrong;4723;Correct;3540,,,
100;a46156fc90afbed1c775e3d674709a1b;23;Female;Tertiary;R;Germany, UK;4;Wrong;2230;Wrong;4062;Wrong;1786;Wrong;2188;Neither;6081;Wrong;2972;Wrong;4052;Wrong;1494;Neither;7630;Wrong;5075;Correct;2857;Correct;2269;Correct;4048;Correct;3195;Correct;7060;Wrong;3666;Wrong;3721;Wrong;3675;Wrong;8110;Correct;3595;Wrong;4812;Wrong;3559;Correct;3904;Wrong;3940;Wrong;5764;Wrong;4429;Wrong;7579;Wrong;3541;Wrong;6427;Wrong;6424,,
101;a2d6f9443c47ffd862300dbdc50b8de3;32;Male;Tertiary;R;Sweden;5;Wrong;7489;Wrong;2013;Wrong;1979;Wrong;3389;Correct;2979;Wrong;2579;Wrong;2634;Wrong;1979;Wrong;9606;Correct;4029;Correct;2990;Correct;3894;Correct;2787;Correct;4908;Wrong;1819;Wrong;2803;Wrong;7327;Wrong;4059;Wrong;3253;Wrong;5334;Wrong;2925;Wrong;2932;Wrong;2235;Wrong;5294;Wrong;3750;Wrong;9205;Wrong;3534;Wrong;2037;Wrong;3514;Wrong;5771,,,
102;1e5a8638af74d5bd712dcc8c11c2f663;36;Female;Tertiary;L;UK;6;Wrong;1308;Wrong;1311;Wrong;3008;Wrong;2425;Wrong;6988;Wrong;1332;Wrong;2490;Wrong;1422;Wrong;3716;Wrong;35282;Correct;1853;Correct;4270;Correct;2361;Correct;1368;Correct;4228;Wrong;3853;Correct;7213;Wrong;3891;Correct;2062;Correct;3932;Correct;2334;Wrong;2138;Wrong;3834;Wrong;14608;Wrong;6820;Wrong;4831;Wrong;9632;Wrong;4741;Wrong;2044;Wrong;3794,,,
103;1d0d4b7b288c7d30f3f812d66f4341d5;36;Female;Tertiary;R;UK;12;Neither;6940;Wrong;7469;Neither;8142;Wrong;6780;Neither;6805;Correct;6835;Correct;8222;Correct;5451;Neither;6381;Neither;8179;Wrong;7048;Correct;10467;Correct;4559;Correct;9677;Correct;7001;Wrong;4616;Wrong;4585;Wrong;4875;Wrong;7081;Wrong;5149;Wrong;6748;Wrong;5810;Wrong;9764;Wrong;5839;Wrong;14266;Wrong;11283;Wrong;8504;Wrong;8582;Wrong;5628;Wrong;19446,,,
104;1d4630305a4212e8159a306000e56318;34;Male;Tertiary;L;UK, France;5;Wrong;3371;Wrong;2714;Wrong;7138;Wrong;2411;Wrong;6608;Wrong;1514;Wrong;9947;Wrong;1747;Wrong;3956;Wrong;2833;Correct;3883;Correct;4002;Correct;4748;Correct;2626;Correct;3434;Correct;4965;Wrong;9059;Wrong;5074;Wrong;8882;Wrong;5203;Wrong;5991;Wrong;3923;Wrong;2954;Correct;9943;Correct;8331;Wrong;9051;Correct;4947;Wrong;8339;Correct;9908;Wrong;8299,,
105;fce7211a321524fe4184b790602493ca;40;Female;Tertiary;R;UK;18;Wrong;4256;Wrong;5159;Wrong;3423;Wrong;3158;Wrong;4933;Wrong;2548;Wrong;3850;Neither;6420;Neither;4654;Wrong;2910;Correct;3706;Wrong;4014;Correct;5722;Correct;5024;Correct;3745;Correct;3138;Wrong;6614;Wrong;5559;Correct;3412;Correct;3697;Wrong;4610;Wrong;6286;Wrong;3514;Wrong;2435;Wrong;3786;Wrong;3553;Wrong;5665;Wrong;4192;Neither;4569;Wrong;4753,,,
106;ea33eae1945f7c65baa7200ac7cd3a9d;36;Male;Tertiary;R;UK;18;Correct;9637;Correct;1942;Correct;2764;Correct;2080;Correct;5078;Correct;3300;Correct;3856;Correct;2462;Correct;2407;Correct;2961;Correct;2566;Correct;3756;Correct;5487;Correct;2356;Correct;4715;Wrong;4426;Correct;7349;Wrong;7393;Wrong;10012;Wrong;9749;Wrong;3458;Wrong;3819;Wrong;4287;Wrong;7157;Wrong;4183;Wrong;2545;Wrong;5221;Wrong;5462;Wrong;5698;Wrong;11214,,,
107;b804e43568cda8794ba924f1a8b7f1db;35;Male;Tertiary;R;UK;10;Neither;3165;Correct;2041;Neither;1914;Correct;6462;Neither;1495;Neither;2758;Neither;2775;Neither;4718;Neither;1315;Neither;955;Correct;3971;Neither;4310;Wrong;5578;Correct;1898;Correct;1786;Wrong;4583;Correct;4539;Wrong;4228;Correct;4137;Wrong;4610;Wrong;5961;Wrong;4573;Correct;3357;Wrong;6325;Wrong;4958;Wrong;4807;Wrong;4610;Neither;3794;Correct;1999;Wrong;2937,,,
108;6de244063cd713b146711b57c4943990;39;Male;Tertiary;R;UK;10;Correct;3530;Correct;12412;Correct;2780;Wrong;4838;Correct;5278;Correct;1820;Correct;5756;Correct;6206;Wrong;5982;Neither;4158;Correct;2369;Correct;3278;Correct;4785;Correct;2033;Correct;3737;Wrong;4689;Wrong;5861;Wrong;7677;Wrong;4835;Correct;4139;Wrong;2342;Wrong;4748;Wrong;7249;Wrong;10679;Wrong;4027;Wrong;2542;Wrong;5557;Correct;6800;Wrong;2854;Neither;7090,,,
109;e51cf39fa7c733bdd81400e43986e0a5;35;Male;Tertiary;R;UK;11;Correct;1868;Correct;4322;Wrong;4023;Wrong;2410;Wrong;1709;Wrong;3371;Wrong;3250;Wrong;1641;Correct;2870;Wrong;10255;Correct;5031;Correct;3450;Correct;2108;Correct;3268;Correct;2985;Wrong;3789;Wrong;2921;Wrong;3398;Wrong;5533;Wrong;3167;Wrong;3599;Wrong;3036;Wrong;2031;Wrong;4813;Wrong;8484;Wrong;2780;Wrong;4165;Wrong;2551;Wrong;2811;Wrong;1691,,,
110;3061de12b1fd0d07b908a90f2f99a5cc;55;Female;Tertiary;R;Norway, France;15;Correct;1910;Wrong;3549;Wrong;1162;Wrong;1693;Correct;2321;Correct;1324;Correct;2103;Wrong;2908;Wrong;1800;Wrong;3079;Correct;1972;Correct;3132;Correct;5139;Correct;2026;Correct;3287;Wrong;3252;Wrong;1924;Correct;1713;Wrong;3745;Correct;1054;Correct;2599;Wrong;2246;Wrong;4398;Wrong;5161;Wrong;5507;Correct;3727;Wrong;3675;Wrong;4928;Correct;4982;Wrong;3151,,
111;d58852eb805e1b26b78ccea282136041;25;Female;Tertiary;L;Norway, Belgium;4;Neither;2488;Correct;5342;Neither;3915;Neither;5785;Wrong;3582;Neither;2176;Correct;3868;Wrong;1714;Neither;5353;Wrong;4225;Correct;3178;Correct;3401;Correct;2454;Neither;2776;Neither;3174;Wrong;7584;Wrong;5578;Wrong;2220;Correct;4884;Neither;4302;Wrong;2971;Wrong;2247;Correct;2435;Wrong;5837;Wrong;3060;Wrong;7732;Wrong;11275;Wrong;2319;Wrong;3835;Wrong;2698,,
112;99c2d2a5bbf07f3b358e2ed1c012977e;45;Female;Tertiary;R;Norway, UK;10;Correct;3605;Correct;4755;Correct;3543;Wrong;3332;Correct;4556;Wrong;3566;Correct;5987;Neither;7206;Neither;3208;Correct;10216;Correct;3835;Correct;3727;Correct;4728;Correct;2608;Correct;3603;Wrong;4046;Wrong;4407;Wrong;4897;Wrong;3243;Wrong;4879;Wrong;2422;Wrong;2949;Wrong;5138;Wrong;5004;Neither;2783;Wrong;3996;Wrong;4087;Wrong;3225;Wrong;7154;Neither;9292,,
113;d9d67171fdcf41822d7a822d6e35b536;41;Male;Tertiary;R;Norway;11;Correct;2054;Wrong;2334;Wrong;13015;Correct;12348;Correct;2760;Correct;1803;Correct;2980;Wrong;1729;Correct;2919;Wrong;7409;Correct;2899;Correct;5072;Correct;2448;Correct;11257;Correct;3952;Wrong;3653;Correct;7375;Wrong;4745;Wrong;6919;Wrong;4581;Wrong;3336;Wrong;3812;Correct;4345;Wrong;6191;Wrong;3318;Wrong;4748;Wrong;7829;Wrong;11925;Wrong;4178;Wrong;8481,,,
114;09df39a05fe403a8e95a228fa32d89fc;40;Female;Tertiary;R;Germany;6;Neither;12097;Wrong;3866;Wrong;2857;Wrong;2545;Wrong;2898;Wrong;2490;Wrong;8517;Wrong;2629;Wrong;5040;Wrong;2610;Correct;7191;Correct;3018;Correct;2830;Correct;3368;Correct;5158;Neither;2540;Wrong;5735;Wrong;4674;Correct;7487;Correct;5390;Wrong;3693;Wrong;3459;Neither;9290;Wrong;4148;Wrong;5253;Wrong;3252;Wrong;3441;Neither;5371;Wrong;12615;Wrong;4390,,,
115;94f641e3d66f8f8f62eacf1da03d21dc;39;Female;Secondary;R;Germany;11;Wrong;4787;Wrong;3942;Wrong;3987;Wrong;2673;Wrong;2007;Wrong;4978;Wrong;6017;Wrong;5286;Wrong;2631;Wrong;7794;Correct;5327;Correct;6928;Correct;3388;Correct;2479;Correct;5428;Wrong;6661;Correct;4327;Wrong;7881;Wrong;6062;Correct;4549;Wrong;4509;Wrong;3931;Correct;6188;Wrong;7237;Neither;7241;Wrong;6806;Wrong;10588;Wrong;6149;Wrong;6144;Wrong;7618,,,
116;49ca0630001571ab60f2dde8e4e20f28;29;Female;Tertiary;R;UK;4;Neither;4228;Correct;3915;Neither;7785;Neither;9050;Neither;9129;Correct;3740;Neither;8938;Correct;5295;Neither;12608;Neither;5863;Correct;6897;Correct;5431;Correct;3535;Correct;9576;Correct;4633;Wrong;4820;Wrong;2379;Wrong;4909;Wrong;5277;Neither;12691;Wrong;3500;Wrong;3106;Wrong;3537;Wrong;3063;Wrong;8125;Wrong;5412;Wrong;5229;Wrong;2504;Wrong;3739;Wrong;6570,,,
117;872800e646544d9d89834dcf14102b78;37;Male;Secondary;R;Norway;7;Wrong;2215;Wrong;1148;Wrong;1260;Wrong;1736;Wrong;1518;Wrong;1196;Wrong;3721;Wrong;1137;Wrong;1615;Wrong;1997;Correct;3249;Correct;1846;Correct;3590;Correct;1902;Correct;2394;Wrong;2553;Wrong;5858;Wrong;9102;Wrong;9055;Wrong;2704;Wrong;2766;Wrong;5843;Correct;5331;Wrong;1390;Wrong;2725;Wrong;3150;Wrong;8395;Wrong;8890;Wrong;2223;Wrong;2312,,,
118;e323ca716aaa27a790a6b8ac9568e164;36;Male;Tertiary;R;Norway;9;Wrong;6223;Wrong;5582;Correct;2814;Correct;7128;Correct;2184;Wrong;4319;Correct;5160;Correct;1942;Correct;4383;Correct;4808;Correct;4087;Correct;4504;Correct;3191;Correct;4022;Correct;2487;Wrong;6159;Wrong;14920;Wrong;5728;Wrong;2630;Correct;15691;Wrong;3614;Wrong;2902;Wrong;3048;Wrong;7127;Wrong;2456;Wrong;3599;Correct;5159;Neither;6935;Wrong;3471;Correct;11928,,,
119;a9f091e03a401b6a229ace431a642bc9;46;Female;Tertiary;L;UK;17;Wrong;5391;Correct;2676;Wrong;2399;Wrong;7896;Wrong;3316;Correct;3291;Wrong;4805;Wrong;2031;Wrong;8574;Wrong;3497;Correct;6404;Correct;7076;Correct;1988;Correct;4895;Correct;2805;Wrong;2495;Wrong;4287;Wrong;5823;Wrong;3031;Correct;3070;Wrong;2962;Wrong;2207;Wrong;4005;Wrong;8537;Wrong;6974;Wrong;5506;Wrong;6882;Wrong;4774;Wrong;4559;Wrong;3054,,,
120;4866b87d764a1630291465e8c23cd944;28;Female;Tertiary;R;Norway;4;Wrong;1501;Wrong;2122;Wrong;2233;Wrong;2559;Wrong;3579;Wrong;1461;Wrong;1810;Wrong;3369;Wrong;3924;Wrong;2216;Correct;3065;Correct;2203;Correct;3430;Correct;5056;Correct;5758;Wrong;3271;Wrong;2575;Wrong;4449;Wrong;3793;Wrong;4147;Wrong;2591;Wrong;3345;Wrong;2348;Wrong;5664;Wrong;3226;Wrong;3371;Wrong;4045;Wrong;2179;Wrong;3052;Wrong;7872,,,
121;3b5368596724c50cda64554652c04c57;26;Female;Tertiary;L;Sweden;4;Wrong;2468;Wrong;3092;Wrong;1983;Wrong;3435;Wrong;13596;Wrong;5435;Wrong;1917;Wrong;3796;Wrong;4245;Wrong;1760;Correct;3450;Correct;1514;Correct;2778;Correct;6160;Correct;9496;Wrong;4112;Wrong;8956;Wrong;4937;Wrong;3906;Wrong;6984;Wrong;6344;Wrong;10403;Wrong;5730;Wrong;7362;Wrong;8145;Wrong;3919;Wrong;12994;Wrong;14483;Wrong;12891;Wrong;4871,,,
122;5f1fb7c0e0d750ef4ed580b0576d5e51;37;Male;Secondary;R;UK;6;Wrong;2049;Wrong;2787;Wrong;6116;Wrong;3716;Wrong;2865;Wrong;3362;Correct;3074;Correct;2396;Wrong;4189;Wrong;6205;Correct;4040;Correct;3992;Correct;2591;Correct;4172;Correct;2644;Wrong;10227;Wrong;4958;Wrong;3771;Wrong;3731;Wrong;5422;Correct;3797;Wrong;5625;Wrong;2912;Correct;9890;Wrong;8345;Wrong;6013;Correct;6113;Correct;3110;Wrong;4716;Wrong;5927,,,
123;d5cf5b149aa0b60ee723d34ed94c59fe;40;Female;Tertiary;R;Norway, UK;17;Wrong;6145;Wrong;2572;Wrong;1179;Wrong;1932;Wrong;2070;Wrong;4890;Wrong;1418;Wrong;3779;Wrong;4869;Wrong;1165;Correct;2507;Correct;2324;Correct;1833;Correct;2094;Correct;21608;Wrong;4466;Wrong;1891;Wrong;2049;Wrong;5707;Wrong;1835;Wrong;4508;Wrong;2267;Wrong;2553;Wrong;1914;Wrong;1865;Wrong;5354;Wrong;1489;Wrong;2197;Wrong;2723;Wrong;2292,,
124;8290de1b30a115b0e2149c8c5435d0de;47;Female;Tertiary;R;Sweden;27;Wrong;4654;Neither;5154;Neither;2870;Wrong;1822;Correct;3183;Neither;2522;Wrong;3507;Neither;2446;Wrong;3215;Neither;1957;Neither;3577;Neither;4696;Neither;2770;Wrong;4304;Wrong;2209;Wrong;6087;Correct;3991;Wrong;3252;Wrong;3480;Correct;3833;Wrong;3991;Wrong;4076;Correct;4853;Wrong;2171;Wrong;4747;Wrong;2432;Neither;2042;Neither;2530;Neither;2592;Wrong;2590,,,
125;1e07801b54958c7c2a84d82263524e72;31;Female;Tertiary;R;Norway;5;Wrong;2009;Wrong;2129;Wrong;1423;Wrong;2265;Wrong;1025;Wrong;2081;Correct;4521;Wrong;1394;Wrong;2282;Wrong;1634;Wrong;1486;Correct;3881;Correct;2385;Correct;6482;Correct;3025;Wrong;2921;Wrong;4722;Wrong;3992;Wrong;2217;Wrong;3251;Wrong;2722;Wrong;2329;Wrong;4745;Wrong;3689;Wrong;1969;Wrong;4440;Wrong;3337;Wrong;2986;Wrong;1558;Wrong;1329,,,
126;f30133264a1fabd30748ad239027aa1a;22;Male;Secondary;R;Sweden;4;Correct;2045;Wrong;2964;Wrong;2350;Wrong;5950;Wrong;3062;Wrong;3471;Wrong;2438;Wrong;2486;Wrong;3085;Wrong;2045;Correct;3979;Correct;8364;Wrong;5790;Correct;3277;Wrong;5637;Wrong;3389;Wrong;4206;Wrong;5854;Wrong;5428;Wrong;2422;Wrong;1814;Wrong;2968;Wrong;5925;Wrong;3236;Wrong;4924;Wrong;4382;Wrong;3134;Wrong;2877;Wrong;4420;Wrong;4181,,,
127;3630e589340999aea619c73e9ccf966b;28;Female;Tertiary;R;Sweden;5;Correct;2680;Neither;6702;Neither;4344;Wrong;3661;Neither;3062;Neither;7180;Neither;5258;Neither;5235;Correct;9662;Correct;5266;Correct;4994;Correct;4069;Correct;2773;Correct;4211;Correct;3628;Wrong;1905;Wrong;5574;Wrong;4423;Wrong;5393;Wrong;2671;Wrong;1809;Wrong;3999;Wrong;5488;Neither;4315;Wrong;4746;Wrong;7240;Wrong;12647;Wrong;10029;Wrong;3522;Wrong;4783,,,
128;296ef7f38ac588b7d61575314e3a5dc1;47;Male;Tertiary;L;Norway, UK, USA;29;Correct;2471;Correct;2820;Correct;2405;Correct;5918;Correct;2954;Correct;1974;Correct;2354;Correct;3313;Correct;3285;Correct;2090;Correct;2882;Correct;2500;Correct;6354;Neither;3599;Wrong;4201;Wrong;4025;Wrong;3219;Wrong;3952;Wrong;3721;Wrong;4792;Wrong;1993;Wrong;2940;Wrong;2733;Wrong;3402;Wrong;3732;Wrong;1906;Wrong;9272;Wrong;2669;Wrong;3094;Wrong;1623,
129;16c547e9ba4718cbd88b67bdee2d1076;58;Male;Secondary;R;Denmark;23;Wrong;6761;Wrong;3218;Wrong;3442;Wrong;3783;Wrong;7738;Wrong;7639;Wrong;18754;Wrong;5092;Wrong;5440;Wrong;5464;Correct;4666;Correct;8233;Correct;2645;Correct;5572;Correct;6106;Wrong;6123;Wrong;11558;Wrong;6548;Correct;3500;Correct;6030;Wrong;5650;Wrong;8205;Correct;3472;Wrong;7337;Wrong;7131;Wrong;6605;Wrong;5774;Neither;18906;Wrong;10996;Wrong;8513,,,
130;a956e27fd99a91e534cefb6a82e4ff82;31;Female;Tertiary;R;Norway, Netherlands;10;Wrong;2455;Wrong;2032;Wrong;3683;Wrong;4097;Wrong;8582;Correct;9597;Wrong;5346;Wrong;3586;Wrong;2423;Wrong;2297;Correct;3640;Wrong;4136;Correct;3832;Correct;1717;Correct;3434;Wrong;3129;Wrong;6522;Wrong;3714;Wrong;9711;Wrong;3242;Wrong;4375;Wrong;3152;Wrong;3750;Wrong;3378;Wrong;2421;Wrong;3395;Wrong;3448;Wrong;2901;Wrong;4008;Wrong;4416,,
131;f90ee708d5eec4e720e685572e77add3;26;Female;Tertiary;R;Sweden;4;Wrong;3593;Wrong;4147;Wrong;1452;Wrong;2047;Wrong;2165;Wrong;1273;Wrong;1851;Wrong;2969;Wrong;4728;Wrong;3099;Correct;3437;Correct;1670;Correct;2245;Correct;1558;Correct;2067;Wrong;2707;Wrong;3421;Wrong;2045;Wrong;3267;Wrong;4297;Wrong;5609;Wrong;3031;Wrong;5779;Wrong;2670;Wrong;10287;Wrong;5221;Wrong;2271;Wrong;2980;Wrong;5755;Wrong;2140,,,
132;d4ae64c5c23b96e9eb1340be76ae03e5;42;Female;Tertiary;R;Sweden, UK;10;Neither;2461;Neither;4633;Wrong;4776;Wrong;2655;Neither;4463;Neither;1889;Neither;2743;Neither;2440;Wrong;3151;Neither;6636;Correct;5767;Correct;3618;Correct;3009;Neither;4546;Correct;6309;Wrong;10840;Wrong;4871;Wrong;6475;Wrong;2732;Wrong;3787;Wrong;7022;Wrong;3600;Wrong;3652;Wrong;3840;Wrong;11155;Wrong;9731;Wrong;1992;Wrong;2591;Wrong;1657;Wrong;3522,,
133;28aa489cedefc9847d5560cc1279ff0d;46;Male;Secondary;R;Norway;14;Correct;2597;Correct;2758;Correct;4425;Correct;4411;Correct;3770;Correct;3896;Correct;4380;Correct;2509;Correct;3367;Correct;3916;Correct;6599;Correct;3582;Correct;3077;Correct;3332;Correct;3395;Wrong;4965;Wrong;4059;Wrong;4480;Correct;2661;Wrong;4826;Wrong;2252;Wrong;3850;Correct;6067;Wrong;3702;Wrong;3891;Wrong;4583;Wrong;4296;Wrong;2912;Wrong;3455;Wrong;4289,,,
134;7bc007feea1f1a9f1062af1be404a76c;37;Male;Tertiary;R;Norway;13;Wrong;3165;Wrong;3443;Wrong;7333;Wrong;3593;Wrong;3791;Wrong;8834;Wrong;2949;Wrong;8503;Wrong;2607;Wrong;6751;Correct;1810;Correct;7365;Correct;7023;Correct;1826;Correct;5206;Wrong;2442;Wrong;4784;Wrong;5671;Wrong;5856;Wrong;4955;Wrong;5269;Wrong;3359;Wrong;3114;Wrong;6154;Wrong;3823;Wrong;5065;Wrong;4995;Wrong;9755;Wrong;220;Wrong;7739,,,
135;51feb57d5a82548581b88df018000538;35;Male;Tertiary;R;Sweden;5;Wrong;6442;Wrong;8037;Wrong;17888;Wrong;5548;Wrong;36195;Correct;9810;Wrong;4621;Wrong;17146;Wrong;15615;Wrong;12497;Correct;7072;Correct;5205;Correct;4926;Correct;11938;Wrong;23259;Wrong;5503;Wrong;4428;Wrong;13309;Wrong;5747;Wrong;6384;Wrong;3905;Wrong;5493;Correct;9173;Wrong;3571;Wrong;7095;Wrong;4474;Wrong;12737;Wrong;12527;Wrong;5067;Wrong;6588,,,
136;0fe29e575877abb8047f4bb48cd707e9;29;Male;Secondary;R;UK;6;Correct;3952;Correct;4780;Wrong;12854;Correct;8628;Correct;8151;Correct;3547;Correct;5702;Correct;7290;Wrong;5801;Correct;6891;Correct;2938;Correct;5491;Correct;2632;Correct;3029;Neither;9445;Wrong;5319;Wrong;5240;Wrong;15453;Wrong;5604;Wrong;4215;Wrong;2752;Wrong;4642;Wrong;3615;Wrong;7932;Wrong;3314;Wrong;5196;Wrong;7042;Wrong;5593;Wrong;5628;Wrong;5507,,,
137;a63d4e5889a3c3dfb3995ff68e762846;44;Female;Secondary;R;Germany;27;Wrong;6977;Wrong;10610;Wrong;6089;Neither;6530;Wrong;3633;Correct;7011;Wrong;5852;Wrong;6031;Neither;4310;Correct;7468;Correct;3413;Correct;4395;Correct;3245;Correct;3111;Neither;6499;Wrong;4307;Wrong;5702;Wrong;3705;Correct;7701;Correct;6344;Wrong;4818;Wrong;4665;Wrong;4529;Wrong;3558;Wrong;2670;Wrong;5456;Wrong;9232;Wrong;3131;Wrong;3410;Wrong;6108,,,
138;471d3251939b59e64b4cdffa5e31eb04;42;Male;Tertiary;L;Sweden, Hungary, Iraq;18;Wrong;6417;Neither;2054;Neither;1697;Neither;4953;Neither;3565;Neither;2774;Neither;5269;Neither;3087;Neither;2791;Correct;4680;Correct;2392;Correct;3242;Correct;6289;Correct;5555;Correct;4621;Wrong;3633;Wrong;3412;Wrong;5202;Wrong;3037;Wrong;4626;Wrong;7590;Wrong;2793;Wrong;5425;Wrong;3418;Wrong;3159;Wrong;3434;Wrong;3905;Neither;6267;Wrong;4650;Wrong;4562,
